Отметка времени,"Придумайте себе анонимный псевдоним, который будешь указывать на протяжении всего исследования.
Например: WHITE27.",Укажите свой возраст,Укажите свой пол,Я соглашаюсь на обработку моих персональных данных,Какое сегодня число?,Время засыпания,Время пробуждения,Оцените качество сна,Сколько раз вы просыпались ночью?,Запомнили ли вы сегодня какое-либо сновидение? , Какого цвета было сновидение?,Сколько порций кофе/энергетиков вы употребляли вчера,Сколько порций кофе/энергетиков вы выпили после 16:00,Употребляли ли вы алкоголь вчера?,Испытывали ли вы сильные эмоции вчера?,Оцените свой уровень стресса вчера,Сколько в среднем часов вы вчера потратили на физическую активность?,Спали ли вы днём вчера?,Принимали ли вы пищу менее чем за 2 часа до сна? ,Сколько времени вчера вы провели перед экраном? ,"Пользовались ли вы смартфоном, компьютером или другим экраном в течение последнего часа перед сном? ",Просыпались ли вы ночью и не могли заснуть?,"Если ваш ответ на прошлый вопрос «Да», то сколько часов вы бодрствовали? (Если «Нет» пропускаете этот вопрос)"
13.09.2026 9:44:56,OLKA75,45 лет и более,Женский,Да,13.09.2026,23:30:00,6:45:00,3,3,Да,В основном цветное,1,0,Да,Нет,4,2,Да,Нет,3,Да,,
13.09.2026 10:28:51,Zverskiyponos67,до 18 лет,Женский,Да,13.09.2026,2:00:00,10:00:00,3,1,Нет,,1,0,Нет,Нет,5,0,Нет,Нет,8,Нет,,
13.09.2026 10:42:32,Kreeper,от 18 до 30 лет,Женский,Да,13.09.2026,0:00:00,8:13:00,4,0,Нет,,0,0,Нет,Нет,2,4,Нет,Нет,8,Да,,
13.09.2026 10:51:44,Tukiceja,45 лет и более,Мужской,Да,13.09.2026,23:00:00,6:20:00,3,3,Нет,,1,0,Да,Нет,2,3,Да,Нет,3,Да,,
13.09.2026 11:04:45,TihiyOmut,от 18 до 30 лет,Мужской,Да,13.09.2026,3:00:00,10:25:00,5,0,Да,В основном цветное,10,4,Да,Да,2,1,Нет,Да,3,Да,,
13.09.2026 11:31:08,aboba777,от 18 до 30 лет,Женский,Да,13.09.2026,3:00:00,10:30:00,4,1,Нет,,3,1,Нет,Нет,3,3,Нет,Нет,5,Да,,
13.09.2026 11:53:14,SLEEP_LOVER,от 18 до 30 лет,Женский,Да,13.09.2026,0:50:00,10:10:00,5,2,Да,В основном цветное,0,0,Нет,Да,2,1,Нет,Нет,5,Да,,
13.09.2026 11:57:42,hewwa,от 18 до 30 лет,Женский,Да,13.09.2026,2:34:00,10:07:00,5,1,Нет,,1,1,Да,Да,1,1,Нет,Нет,2,Да,,
13.09.2026 12:09:07,Прага,от 18 до 30 лет,Женский,Да,13.09.2026,23:30:00,9:00:00,5,3,Нет,,1,0,Нет,Нет,3,3,Нет,Нет,4,Да,,
13.09.2026 12:17:04,Оно,45 лет и более,Женский,Да,13.09.2026,23:00:00,7:00:00,5,1,Нет,,1,0,Нет,Нет,4,3,Нет,Нет,2,Да,,
13.09.2026 12:17:39,nejnej,от 18 до 30 лет,Мужской,Да,13.09.2026,2:00:00,11:55:00,4,1,Нет,,0,0,Нет,Да,2,3,Нет,Нет,10,Да,,
13.09.2026 12:21:55,krasotka,45 лет и более,Женский,Да,13.09.2026,23:00:00,10:00:00,3,0,Да,Точно не могу сказать,0,0,Нет,Да,5,3,Нет,Да,2,Да,,
13.09.2026 12:27:16,FOX07,от 18 до 30 лет,Мужской,Да,13.09.2026,1:10:00,8:40:00,3,4,Да,В основном цветное,0,0,Нет,Да,7,4,Нет,Да,10,Да,,
13.09.2026 12:29:06,Leva,45 лет и более,Мужской,Да,13.09.2026,0:00:00,11:00:00,5,1,Нет,,0,0,Нет,Да,4,4,Нет,Да,2,Да,,
13.09.2026 12:34:38,Удача777,45 лет и более,Женский,Да,13.09.2026,0:30:00,7:30:00,3,3,Да,В основном чёрно-белое,3,2,Нет,Да,5,1,Нет,Да,2,Да,,
13.09.2026 12:38:11,1515net,от 18 до 30 лет,Женский,Да,13.09.2026,1:45:00,12:30:00,4,2,Нет,,0,0,Нет,Да,1,2,Нет,Нет,5,Нет,,
13.09.2026 12:42:45,Птицадивная,от 30 до 45  лет,Женский,Да,13.09.2026,10:30:00,7:30:00,3,4,Да,В основном цветное,1,0,Нет,Да,6,1,Нет,Нет,3,Да,,
13.09.2026 12:56:56,nikita_pdf,от 18 до 30 лет,Женский,Да,13.09.2026,2:00:00,11:00:00,4,4,Нет,,0,0,Нет,Нет,5,0,Нет,Да,10,Нет,,
13.09.2026 12:58:49,Enemyofdeath ,от 18 до 30 лет,Мужской,Да,13.09.2026,1:00:00,9:12:00,5,1,Да,В основном цветное,0,0,Нет,Да,8,4,Нет,Да,6,Да,,
13.09.2026 13:15:33,aquamana ,от 18 до 30 лет,Женский,Да,13.09.2026,23:40:00,9:30:00,5,0,Нет,,1,0,Нет,Да,4,4,Нет,Нет,7,Да,,
13.09.2026 14:42:08,GRASS42,от 18 до 30 лет,Женский,Да,13.09.2026,23:35:00,8:40:00,5,0,Да,Точно не могу сказать,0,0,Нет,Нет,1,2,Нет,Да,7,Да,,
13.09.2026 14:44:31,Маркул ,от 18 до 30 лет,Женский,Да,13.09.2026,1:40:00,8:30:00,4,1,Да,В основном цветное,0,0,Нет,Нет,5,1,Нет,Нет,7,Да,,
13.09.2026 17:16:08,Константин,45 лет и более,Мужской,Да,13.09.2026,21:20:00,7:30:00,4,2,Нет,,0,0,Нет,Нет,1,8,Нет,Да,0,Нет,,
13.09.2026 17:17:52,Наташа,45 лет и более,Женский,Да,13.09.2026,23:59:00,8:15:00,1,3,Нет,,3,1,Нет,Нет,5,7,Нет,Нет,1,Да,,
13.09.2026 18:16:48,son,от 18 до 30 лет,Мужской,Да,13.09.2026,2:15:00,8:30:00,4,0,Да,В основном цветное,0,0,Нет,Да,3,0,Нет,Да,4,Да,,
13.09.2026 18:25:20,Питер Паркер ,от 18 до 30 лет,Мужской,Да,13.09.2026,5:00:00,7:30:00,2,0,Нет,,0,0,Да,Да,3,7,Нет,Да,2,Нет,,
13.09.2026 20:04:08,silverain ,от 18 до 30 лет,Мужской,Да,13.09.2026,23:30:00,6:50:00,3,0,Нет,,0,0,Нет,Да,5,2,Нет,Да,10,Да,,
13.09.2026 20:43:30,GangsterMarmilad,от 18 до 30 лет,Женский,Да,13.09.2026,23:32:00,9:42:00,5,0,Да,В основном цветное,0,0,Нет,Да,4,0,Нет,Да,6,Да,,
13.09.2026 20:55:36,WH1teM4N,от 18 до 30 лет,Мужской,Да,13.09.2026,0:37:00,7:00:00,4,1,Нет,,1,0,Нет,Нет,2,0,Нет,Нет,5,Да,,
13.09.2026 23:10:40,Настя,от 18 до 30 лет,Женский,Да,13.09.2026,5:20:00,9:36:00,4,0,Нет,,3,2,Нет,Нет,5,5,Нет,Нет,6,Да,,
14.09.2026 4:28:08,Rinasvm,от 18 до 30 лет,Женский,Да,14.09.2026,1:56:00,8:24:00,5,0,Да,В основном цветное,1,0,Нет,Да,6,5,Нет,Да,10,Да,,
14.09.2026 6:31:17,Deston,до 18 лет,Женский,Да,14.09.2026,1:37:00,9:10:00,4,0,Нет,,0,0,Нет,Нет,6,3,Нет,Нет,5,Да,,
14.09.2026 6:33:22,груша,от 18 до 30 лет,Женский,Да,14.09.2026,1:30:00,8:50:00,5,0,Нет,,0,0,Нет,Да,3,0,Нет,Да,7,Да,,
14.09.2026 6:51:57,даринкинс,от 18 до 30 лет,Женский,Да,14.09.2026,3:46:00,9:44:00,3,2,Да,В основном цветное,2,0,Нет,Да,10,3,Да,Нет,4,Да,,
14.09.2026 7:08:53,son,от 18 до 30 лет,Мужской,Да,14.09.2026,0:40:00,7:00:00,5,0,Да,В основном цветное,0,0,Нет,Да,4,0,Нет,Да,10,Да,,
14.09.2026 7:26:30,OLKA75,45 лет и более,Женский,Да,14.09.2026,23:20:00,6:20:00,3,4,Да,В основном цветное,1,0,Нет,Нет,2,3,Нет,Да,0,Нет,,
14.09.2026 7:34:12,GRASS42,от 18 до 30 лет,Женский,Да,14.09.2026,0:20:00,7:30:00,5,1,Да,В основном цветное,0,0,Нет,Нет,1,1,Нет,Да,7,Да,,
14.09.2026 8:14:09,FOX07,от 18 до 30 лет,Мужской,Да,14.09.2026,23:50:00,8:00:00,2,9,Да,В основном цветное,0,0,Нет,Да,6,1,Нет,Нет,10,Да,,
14.09.2026 8:31:27,Удача777,45 лет и более,Женский,Да,14.09.2026,1:20:00,9:00:00,4,1,Да,В основном чёрно-белое,3,2,Нет,Нет,3,1,Да,Да,4,Да,,
14.09.2026 8:59:44,Птицадивная,от 30 до 45  лет,Женский,Да,14.09.2026,10:25:00,7:26:00,4,4,Да,В основном цветное,1,0,Нет,Нет,1,1,Нет,Нет,2,Да,,
14.09.2026 9:12:48,WH1teM4N,от 18 до 30 лет,Мужской,Да,14.09.2026,0:46:00,6:30:00,1,0,Нет,,1,0,Нет,Да,5,1,Нет,Нет,8,Да,,
14.09.2026 9:54:40,Enemyofdeath,от 18 до 30 лет,Мужской,Да,14.09.2026,0:40:00,9:12:00,5,5,Да,В основном цветное,1,1,Нет,Да,4,3,Нет,Да,4,Да,,
14.09.2026 10:08:04,Прага,от 18 до 30 лет,Женский,Да,14.09.2026,21:20:00,5:50:00,4,2,Да,В основном цветное,1,0,Нет,Нет,1,3,Нет,Да,4,Да,,
14.09.2026 10:10:22,nejnej,от 18 до 30 лет,Мужской,Да,14.09.2026,1:00:00,9:30:00,4,2,Да,В основном цветное,0,0,Нет,Да,3,1,Нет,Да,10,Да,,
14.09.2026 10:11:38,N1,от 18 до 30 лет,Мужской,Да,14.09.2026,22:00:00,7:30:00,5,1,Нет,,0,0,Нет,Нет,4,3,Да,Нет,5,Да,,
14.09.2026 10:13:25,Zverskiyponos67,до 18 лет,Женский,Да,14.09.2026,0:00:00,6:40:00,5,0,Нет,,1,0,Нет,Нет,2,1,Нет,Нет,8,Да,,
14.09.2026 10:32:31,Fit345,от 18 до 30 лет,Мужской,Да,14.09.2026,2:50:00,10:31:00,3,1,Нет,,0,0,Нет,Нет,1,3,Нет,Нет,3,Да,,
14.09.2026 10:51:22,Оно,45 лет и более,Женский,Да,14.09.2026,20:45:00,5:20:00,4,3,Нет,,1,0,Нет,Нет,2,2,Нет,Нет,1,Да,,
14.09.2026 11:02:35,TihiyOmut,до 18 лет,Мужской,Да,14.09.2026,3:00:00,11:00:00,3,0,Нет,,0,0,Нет,Да,5,0,Нет,Да,7,Да,,
14.09.2026 11:20:13,GangsterMarmilad,от 18 до 30 лет,Женский,Да,14.09.2026,23:50:00,7:47:00,5,0,Да,В основном цветное,0,0,Нет,Да,5,2,Нет,Да,6,Да,,
14.09.2026 11:21:42,Маркул ,от 18 до 30 лет,Женский,Да,14.09.2026,0:40:00,8:50:00,3,2,Нет,,0,0,Нет,Нет,3,0,Нет,Да,8,Да,,
14.09.2026 11:32:45,1515net,от 18 до 30 лет,Женский,Да,14.09.2026,23:50:00,9:00:00,5,0,Нет,,0,0,Нет,Нет,1,1,Да,Да,4,Да,,
14.09.2026 11:33:15,Tukiceja ,45 лет и более,Мужской,Да,14.09.2026,23:00:00,6:20:00,2,5,Нет,,1,0,Нет,Да,6,2,Нет,Нет,2,Да,,
14.09.2026 12:51:35,Питер Паркер,от 18 до 30 лет,Мужской,Да,14.09.2026,12:00:00,10:00:00,5,1,Да,В основном цветное,0,0,Нет,Нет,2,7,Да,Да,3,Да,,
14.09.2026 12:53:42,SLEEP_LOVER,от 18 до 30 лет,Женский,Да,14.09.2026,0:20:00,7:40:00,3,3,Да,В основном цветное,0,0,Нет,Да,4,1,Нет,Нет,6,Да,,
14.09.2026 13:14:54,Настя,от 18 до 30 лет,Женский,Да,14.09.2026,3:20:00,9:15:00,3,0,Нет,,4,2,Нет,Да,8,5,Да,Нет,7,Да,,
14.09.2026 13:40:33,hewwa,от 18 до 30 лет,Женский,Да,14.09.2026,0:20:00,8:00:00,5,0,Нет,,1,1,Нет,Да,1,1,Нет,Да,2,Да,,
14.09.2026 14:54:25,Kreeper,от 18 до 30 лет,Женский,Да,14.09.2026,0:15:00,9:10:00,5,0,Нет,,0,0,Нет,Да,3,5,Нет,Да,7,Да,,
14.09.2026 15:17:50,Константин,45 лет и более,Мужской,Да,14.09.2026,21:00:00,5:00:00,3,2,Нет,,0,0,Нет,Нет,1,2,Нет,Нет,2,Да,,
14.09.2026 15:31:02,Наташа,45 лет и более,Женский,Да,14.09.2026,23:00:00,7:00:00,3,5,Нет,,4,2,Нет,Да,5,5,Нет,Нет,1,Да,,
14.09.2026 18:45:16,aboba777,от 18 до 30 лет,Женский,Да,14.09.2026,1:00:00,6:00:00,3,1,Нет,,3,2,Нет,Нет,4,2,Нет,Нет,5,Да,,
14.09.2026 20:56:54,silverain ,от 18 до 30 лет,Мужской,Да,14.09.2026,23:30:00,7:00:00,2,0,Нет,,0,0,Нет,Нет,3,10,Нет,Да,3,Да,,
14.09.2026 21:33:47,aquamana,от 18 до 30 лет,Женский,Да,14.09.2026,19:30:00,7:00:00,5,1,Нет,,1,1,Нет,Нет,2,1,Нет,Да,5,Да,,
14.09.2026 22:13:23,krasotka,45 лет и более,Женский,Да,14.09.2026,22:30:00,5:30:00,4,1,Нет,,1,0,Нет,Нет,3,2,Нет,Да,3,Да,,
14.09.2026 22:16:52,Leva,45 лет и более,Мужской,Да,14.09.2026,0:20:00,6:10:00,3,1,Нет,,1,0,Нет,Нет,2,2,Нет,Нет,5,Да,,
15.09.2026 4:35:59,Rinasvm,от 18 до 30 лет,Женский,Да,15.09.2026,0:56:00,8:30:00,5,0,Да,В основном цветное,2,1,Нет,Нет,2,3,Нет,Да,10,Да,,
15.09.2026 4:36:00,груша,от 18 до 30 лет,Женский,Да,15.09.2026,1:30:00,8:00:00,5,0,Да,В основном цветное,0,0,Нет,Да,4,2,Нет,Да,5,Да,,
15.09.2026 5:33:54,son,от 18 до 30 лет,Мужской,Да,15.09.2026,0:30:00,4:30:00,3,0,Да,В основном цветное,0,0,Нет,Нет,1,0,Нет,Да,8,Да,,
15.09.2026 6:20:34,Deston,до 18 лет,Женский,Да,15.09.2026,4:00:00,9:30:00,4,0,Да,В основном цветное,1,1,Нет,Нет,6,2,Нет,Да,6,Да,,
15.09.2026 7:22:36,GRASS42,от 18 до 30 лет,Женский,Да,15.09.2026,0:20:00,6:55:00,4,0,Нет,,0,0,Нет,Нет,1,1,Нет,Да,8,Да,,
15.09.2026 7:38:07,FOX07,от 18 до 30 лет,Мужской,Да,15.09.2026,0:00:00,7:30:00,4,4,Да,В основном цветное,0,0,Нет,Нет,5,3,Нет,Нет,10,Да,,
15.09.2026 8:18:30,WH1teM4N,от 18 до 30 лет,Мужской,Да,15.09.2026,0:04:00,6:00:00,5,0,Да,В основном цветное,1,0,Нет,Да,6,1,Нет,Нет,6,Да,,
15.09.2026 9:03:25,GangsterMarmilad,от 18 до 30 лет,Женский,Да,15.09.2026,23:47:00,8:01:00,4,1,Нет,,0,0,Нет,Нет,1,2,Нет,Нет,6,Да,,
15.09.2026 9:09:13,nejnej,от 18 до 30 лет,Мужской,Да,15.09.2026,0:30:00,8:30:00,4,1,Да,В основном цветное,0,0,Нет,Да,6,3,Нет,Нет,10,Да,,
15.09.2026 9:19:04,Удача777,45 лет и более,Женский,Да,15.09.2026,1:30:00,10:00:00,4,0,Да,В основном чёрно-белое,2,1,Нет,Нет,2,0,Нет,Да,4,Да,,
15.09.2026 9:21:12,Прага,от 18 до 30 лет,Женский,Да,15.09.2026,22:00:00,6:10:00,3,2,Да,В основном цветное,1,0,Нет,Нет,1,3,Нет,Да,3,Нет,,
15.09.2026 9:34:23,Маркул,от 18 до 30 лет,Женский,Да,15.09.2026,2:13:00,8:05:00,3,2,Нет,,1,1,Нет,Нет,4,1,Нет,Да,6,Да,,
15.09.2026 9:36:21,Птицадивная ,от 30 до 45  лет,Женский,Да,15.09.2026,23:30:00,7:45:00,2,5,Нет,,2,1,Нет,Нет,3,1,Нет,Нет,3,Да,,
15.09.2026 9:40:01,silverain,от 18 до 30 лет,Мужской,Да,15.09.2026,23:30:00,9:20:00,5,0,Да,В основном цветное,0,0,Нет,Нет,3,10,Нет,Да,3,Да,,
15.09.2026 9:40:51,Tukiceja ,45 лет и более,Мужской,Да,15.09.2026,23:00:00,6:20:00,3,3,Нет,,2,0,Нет,Нет,4,1,Нет,Да,10,Да,,
15.09.2026 9:42:53,SLEEP_LOVER,от 18 до 30 лет,Женский,Да,15.09.2026,23:10:00,7:40:00,5,2,Да,Точно не могу сказать,0,0,Нет,Да,7,1,Нет,Да,6,Да,,
15.09.2026 9:44:09,Kreeper,от 18 до 30 лет,Женский,Да,15.09.2026,0:30:00,8:00:00,5,0,Да,В основном цветное,0,0,Нет,Да,5,6,Нет,Да,8,Да,,
15.09.2026 9:44:23,1515net,от 18 до 30 лет,Женский,Да,15.09.2026,3:24:00,8:30:00,4,1,Нет,,0,0,Нет,Да,1,2,Нет,Нет,6,Нет,,
15.09.2026 9:44:39,nikita_pdf,от 18 до 30 лет,Женский,Да,14.09.2026,2:00:00,10:00:00,3,3,Нет,,0,0,Нет,Да,1,2,Нет,Да,6,Нет,,
15.09.2026 9:46:43,nikita_pdf,от 18 до 30 лет,Женский,Да,15.09.2026,1:30:00,8:45:00,3,2,Да,В основном цветное,0,0,Нет,Да,6,2,Да,Нет,9,Да,,
15.09.2026 11:11:03,Fit345,от 18 до 30 лет,Мужской,Да,15.09.2026,3:10:00,11:10:00,4,0,Нет,,0,0,Нет,Нет,1,3,Нет,Нет,8,Да,,
15.09.2026 11:30:02,N1,от 18 до 30 лет,Мужской,Да,15.09.2026,22:50:00,6:30:00,4,1,Нет,,0,0,Нет,Да,6,2,Нет,Нет,5,Да,,
15.09.2026 12:17:13,даринкинс,от 18 до 30 лет,Женский,Да,15.09.2026,2:15:00,11:00:00,4,1,Нет,,2,1,Нет,Нет,1,2,Нет,Да,5,Да,,
15.09.2026 12:19:57,OLKA75,45 лет и более,Женский,Да,15.09.2026,23:15:00,7:00:00,3,3,Да,В основном цветное,1,0,Нет,Нет,3,2,Нет,Да,1,Да,,
15.09.2026 12:49:50,Enemyofdeath,от 18 до 30 лет,Мужской,Да,15.09.2026,23:59:00,8:02:00,5,1,Нет,,0,0,Нет,Нет,4,1,Нет,Нет,7,Да,,
15.09.2026 13:59:09,Zverskiyponos67,до 18 лет,Женский,Да,15.09.2026,1:00:00,6:40:00,5,0,Нет,,1,0,Нет,Нет,3,0,Нет,Нет,6,Да,,
15.09.2026 14:24:32,aquamana,от 18 до 30 лет,Женский,Да,15.09.2026,23:00:00,8:40:00,4,0,Да,В основном цветное,3,2,Нет,Да,5,1,Нет,Да,10,Да,,
15.09.2026 17:06:00,Константин,45 лет и более,Мужской,Да,15.09.2026,20:20:00,5:00:00,4,2,Нет,,1,0,Нет,Нет,1,2,Нет,Нет,5,Да,,
15.09.2026 17:11:10,Наташа,45 лет и более,Женский,Да,15.09.2026,22:45:00,2:30:00,2,3,Нет,,4,1,Нет,Нет,5,8,Нет,Нет,1,Да,,
15.09.2026 17:18:50,TihiyOmut ,от 18 до 30 лет,Мужской,Да,15.09.2026,1:32:00,6:30:00,3,0,Нет,,1,0,Нет,Да,7,0,Нет,Да,10,Да,,
15.09.2026 17:55:34,Оно,45 лет и более,Женский,Да,15.09.2026,21:30:00,5:15:00,4,1,Да,Точно не могу сказать,1,0,Нет,Нет,3,3,Нет,Нет,6,Нет,,
15.09.2026 18:21:46,Leva,45 лет и более,Мужской,Да,15.09.2026,0:00:00,6:15:00,4,0,Да,Точно не могу сказать,0,0,Нет,Нет,2,4,Нет,Нет,2,Да,,
15.09.2026 18:56:26,aboba777,от 18 до 30 лет,Женский,Да,15.09.2026,1:00:00,7:20:00,4,1,Нет,,3,2,Нет,Нет,3,4,Нет,Нет,8,Да,,
15.09.2026 21:33:30,krasotka,45 лет и более,Женский,Да,15.09.2026,22:00:00,6:00:00,5,0,Нет,,1,0,Нет,Нет,3,2,Нет,Да,8,Да,,
15.09.2026 22:12:32,Питер Паркер ,от 18 до 30 лет,Мужской,Да,15.09.2026,2:00:00,9:00:00,4,0,Нет,,0,0,Нет,Нет,3,5,Нет,Да,4,Да,,
16.09.2026 3:38:34,груша,от 18 до 30 лет,Женский,Да,16.09.2026,4:10:00,7:00:00,3,0,Да,В основном цветное,1,1,Нет,Да,7,1,Нет,Нет,5,Да,,
16.09.2026 5:04:54,даринкинс,от 18 до 30 лет,Женский,Да,16.09.2026,4:52:00,7:34:00,2,0,Нет,,1,0,Нет,Да,1,1,Нет,Нет,5,Да,,
16.09.2026 6:37:15,Deston,до 18 лет,Женский,Да,16.09.2026,4:02:00,8:50:00,4,1,Нет,,1,1,Нет,Нет,3,3,Да,Да,6,Да,,
16.09.2026 6:54:02,GRASS42,от 18 до 30 лет,Женский,Да,16.09.2026,0:40:00,6:35:00,5,0,Нет,,0,0,Нет,Нет,1,1,Нет,Да,8,Да,,
16.09.2026 7:02:15,Pandora,от 18 до 30 лет,Женский,Да,16.09.2026,0:37:00,7:40:00,5,0,Нет,,0,0,Да,Да,1,4,Нет,Нет,3,Да,,
16.09.2026 7:09:13,Rinasvm,от 18 до 30 лет,Женский,Да,16.09.2026,2:00:00,8:30:00,4,1,Нет,,3,1,Нет,Нет,2,2,Нет,Да,10,Да,,
16.09.2026 7:37:40,FOX07,от 18 до 30 лет,Мужской,Да,16.09.2026,23:00:00,7:30:00,3,5,Да,В основном цветное,0,0,Да,Да,6,2,Нет,Нет,7,Да,,
16.09.2026 7:58:59,Птицадивная ,от 30 до 45  лет,Женский,Да,16.09.2026,22:30:00,6:50:00,2,8,Нет,,1,0,Нет,Да,4,1,Нет,Нет,3,Да,,
16.09.2026 8:06:58,nejnej,от 18 до 30 лет,Мужской,Да,16.09.2026,0:30:00,7:40:00,4,4,Да,В основном цветное,0,0,Нет,Да,2,1,Да,Да,10,Да,,
16.09.2026 8:20:10,WH1teM4N,от 18 до 30 лет,Мужской,Да,16.09.2026,23:38:00,6:00:00,3,0,Нет,,1,0,Нет,Да,8,3,Нет,Нет,5,Да,,
16.09.2026 8:29:11,Удача777,45 лет и более,Женский,Да,16.09.2026,2:00:00,8:30:00,4,0,Да,В основном цветное,3,1,Да,Да,8,0,Нет,Да,4,Да,,
16.09.2026 8:33:18,Enemyofdeath ,от 18 до 30 лет,Мужской,Да,16.09.2026,23:30:00,7:45:00,4,3,Да,В основном цветное,0,0,Нет,Нет,5,4,Нет,Да,4,Да,,
16.09.2026 8:54:06,Kreeper,от 18 до 30 лет,Женский,Да,16.09.2026,0:50:00,7:30:00,4,0,Да,В основном цветное,0,0,Нет,Да,4,6,Нет,Да,6,Да,,
16.09.2026 9:36:46,silverain ,от 18 до 30 лет,Мужской,Да,16.09.2026,0:00:00,6:05:00,3,1,Да,В основном цветное,0,0,Нет,Нет,5,0,Нет,Да,10,Да,,
16.09.2026 9:47:48,SLEEP_LOVER,от 18 до 30 лет,Женский,Да,16.09.2026,23:40:00,7:45:00,5,3,Да,В основном цветное,0,0,Нет,Да,4,2,Нет,Да,8,Да,,
16.09.2026 9:52:40,nikita_pdf,от 18 до 30 лет,Женский,Да,16.09.2026,0:00:00,8:00:00,2,4,Да,В основном цветное,0,0,Нет,Нет,3,2,Нет,Нет,10,Да,,
16.09.2026 9:54:24,GangsterMarmilad,от 18 до 30 лет,Женский,Да,16.09.2026,23:57:00,7:00:00,4,0,Нет,,0,0,Нет,Нет,1,0,Нет,Да,6,Да,,
16.09.2026 9:56:34,1515net,от 18 до 30 лет,Женский,Да,16.09.2026,3:50:00,7:45:00,4,0,Нет,,0,0,Нет,Да,1,3,Нет,Нет,4,Нет,,
16.09.2026 10:17:33,Прага,от 18 до 30 лет,Женский,Да,16.09.2026,22:20:00,8:20:00,5,2,Да,В основном цветное,0,0,Нет,Да,3,5,Нет,Да,2,Нет,,
16.09.2026 11:13:27,Fit345,от 18 до 30 лет,Мужской,Да,16.09.2026,2:20:00,11:12:00,5,0,Нет,,0,0,Нет,Нет,1,2,Нет,Нет,4,Да,Нет,
16.09.2026 11:42:20,aquamana ,от 18 до 30 лет,Женский,Да,16.09.2026,3:20:00,8:50:00,3,0,Нет,,1,0,Нет,Да,6,3,Нет,Да,10,Да,Нет,
16.09.2026 13:20:52,Маркул ,от 18 до 30 лет,Женский,Да,16.09.2026,3:00:00,8:00:00,2,0,Да,В основном цветное,0,0,Нет,Нет,2,1,Нет,Нет,7,Да,Да,< 30 минут
16.09.2026 13:28:20,TihiyOmut ,от 18 до 30 лет,Мужской,Да,16.09.2026,1:29:00,11:30:00,3,0,Нет,,3,1,Да,Да,5,4,Нет,Да,4,Да,Нет,
16.09.2026 13:29:57,son,от 18 до 30 лет,Мужской,Да,16.09.2026,23:00:00,7:15:00,4,1,Да,В основном цветное,0,0,Нет,Нет,1,0,Нет,Да,6,Да,Нет,< 30 минут
16.09.2026 13:30:36,Tukiceja ,45 лет и более,Мужской,Да,16.09.2026,23:30:00,5:20:00,2,2,Нет,,2,0,Нет,Нет,2,1,Нет,Да,10,Да,Да,30-60 минут
16.09.2026 14:20:39,OLKA75,45 лет и более,Женский,Да,16.09.2026,23:30:00,6:20:00,4,3,Нет,,1,0,Нет,Нет,2,3,Нет,Нет,3,Да,Нет,
16.09.2026 16:10:52,Наташа,45 лет и более,Женский,Да,16.09.2026,23:00:00,8:15:00,4,1,Да,В основном чёрно-белое,4,1,Нет,Нет,4,8,Нет,Нет,2,Да,Нет,
16.09.2026 17:17:44,Константин,45 лет и более,Мужской,Да,16.09.2026,21:40:00,5:00:00,3,2,Нет,,1,0,Нет,Нет,1,3,Нет,Нет,5,Да,Да,30-60 минут
16.09.2026 17:32:32,Оно,45 лет и более,Женский,Да,16.09.2026,22:00:00,5:15:00,5,0,Нет,,1,0,Нет,Нет,2,3,Нет,Нет,5,Да,Нет,
16.09.2026 19:28:55,Питер Паркер ,от 18 до 30 лет,Мужской,Да,16.09.2026,1:00:00,9:00:00,4,0,Да,В основном цветное,0,0,Нет,Нет,2,6,Нет,Да,3,Да,Нет,
16.09.2026 19:43:42,aboba777,от 18 до 30 лет,Женский,Да,16.09.2026,1:30:00,7:20:00,3,0,Нет,,2,1,Нет,Нет,4,2,Да,Нет,4,Да,Нет,
16.09.2026 20:51:10,krasotka,45 лет и более,Женский,Да,16.09.2026,22:30:00,6:00:00,5,1,Да,Точно не могу сказать,1,0,Нет,Да,5,2,Нет,Да,8,Да,Нет,
16.09.2026 20:55:03,Leva,45 лет и более,Мужской,Да,16.09.2026,0:00:00,6:15:00,4,1,Да,В основном цветное,0,0,Нет,Да,6,6,Нет,Да,2,Да,Нет,
16.09.2026 20:56:21,Zverskiyponos67,до 18 лет,Женский,Да,16.09.2026,0:40:00,6:40:00,4,0,Нет,,1,0,Нет,Нет,2,0,Нет,Нет,5,Да,Нет,
17.09.2026 4:36:20,груша,от 18 до 30 лет,Женский,Да,17.09.2026,2:10:00,8:10:00,5,0,Нет,,1,0,Да,Да,3,0,Да,Нет,4,Да,Нет,
17.09.2026 5:30:39,Rinasvm,от 18 до 30 лет,Женский,Да,17.09.2026,2:20:00,7:50:00,2,2,Нет,,3,0,Нет,Нет,5,3,Да,Да,10,Да,Да,< 30 минут
17.09.2026 6:03:04,son,от 18 до 30 лет,Мужской,Да,17.09.2026,22:30:00,5:53:00,5,1,Да,В основном цветное,0,0,Нет,Нет,2,1,Да,Да,6,Да,Нет,
17.09.2026 6:13:27,WH1teM4N,от 18 до 30 лет,Мужской,Да,17.09.2026,23:44:00,6:00:00,4,0,Да,В основном цветное,1,0,Нет,Да,4,2,Нет,Нет,5,Да,Нет,
17.09.2026 6:40:21,FOX07,от 18 до 30 лет,Мужской,Да,17.09.2026,1:00:00,6:30:00,4,2,Да,В основном цветное,1,1,Нет,Да,8,3,Нет,Нет,5,Да,Нет,
17.09.2026 7:23:11,OLKA75,45 лет и более,Женский,Да,17.09.2026,23:30:00,6:20:00,2,3,Да,В основном цветное,1,0,Нет,Нет,2,2,Нет,Нет,3,Да,Нет,
17.09.2026 7:28:45,GangsterMarmilad,от 18 до 30 лет,Женский,Да,17.09.2026,22:00:00,5:15:00,5,0,Нет,,0,0,Нет,Да,4,2,Нет,Да,5,Да,Нет,
17.09.2026 7:34:55,nejnej,от 18 до 30 лет,Мужской,Да,17.09.2026,23:30:00,6:10:00,4,1,Да,В основном цветное,0,0,Нет,Да,4,2,Нет,Да,10,Да,Нет,
17.09.2026 7:39:18,Deston,до 18 лет,Женский,Да,17.09.2026,2:00:00,11:31:00,4,2,Нет,,1,0,Нет,Нет,2,3,Нет,Нет,5,Да,Нет,
17.09.2026 7:50:16,Прага,от 18 до 30 лет,Женский,Да,17.09.2026,22:30:00,6:00:00,4,1,Нет,,0,0,Нет,Да,2,1,Нет,Нет,5,Нет,Нет,
17.09.2026 7:55:16,1515net,от 18 до 30 лет,Женский,Да,17.09.2026,23:43:00,6:09:00,3,3,Нет,,0,0,Нет,Нет,1,1,Да,Нет,4,Да,Нет,
17.09.2026 8:31:43,Kreeper,от 18 до 30 лет,Женский,Да,17.09.2026,0:00:00,7:40:00,4,1,Да,В основном цветное,0,0,Нет,Нет,4,6,Нет,Да,6,Да,Нет,
17.09.2026 9:21:58,Птицадивная ,от 30 до 45  лет,Женский,Да,17.09.2026,23:10:00,7:25:00,3,4,Нет,,1,0,Нет,Да,5,1,Нет,Нет,3,Нет,Нет,
17.09.2026 10:10:09,Настя,от 18 до 30 лет,Женский,Да,15.09.2026,0:20:00,9:07:00,2,0,Да,В основном цветное,3,1,Нет,Да,8,6,Нет,Нет,6,Да,Нет,
17.09.2026 10:12:08,Настя,от 18 до 30 лет,Женский,Да,16.09.2026,2:45:00,7:30:00,4,0,Нет,,4,2,Нет,Да,7,5,Да,Нет,4,Да,Нет,
17.09.2026 10:14:09,Настя,от 18 до 30 лет,Женский,Да,17.09.2026,1:10:00,6:40:00,4,0,Нет,,2,0,Да,Да,6,5,Нет,Нет,3,Да,Нет,
17.09.2026 10:38:19,hewwa,от 18 до 30 лет,Женский,Да,15.09.2026,23:10:00,10:00:00,5,0,Нет,,0,0,Нет,Да,1,2,Да,Нет,1,Нет,Нет,
17.09.2026 10:39:54,hewwa,от 18 до 30 лет,Женский,Да,16.09.2026,0:10:00,11:00:00,5,0,Нет,,1,1,Нет,Да,1,1,Нет,Нет,2,Да,Нет,
17.09.2026 10:42:48,hewwa,от 18 до 30 лет,Женский,Да,17.09.2026,1:28:00,10:30:00,5,0,Нет,,1,1,Нет,Да,1,2,Нет,Да,3,Да,Нет,
17.09.2026 11:36:14,GRASS42,от 18 до 30 лет,Женский,Да,17.09.2026,23:45:00,6:50:00,4,0,Нет,,0,0,Нет,Нет,1,1,Нет,Да,7,Да,Да,< 30 минут
17.09.2026 11:37:07,SLEEP_LOVER,от 18 до 30 лет,Женский,Да,17.09.2026,1:15:00,7:15:00,5,1,Да,Точно не могу сказать,2,1,Нет,Да,7,1,Нет,Нет,8,Да,Нет,
17.09.2026 11:46:56,silverain ,от 18 до 30 лет,Мужской,Да,17.09.2026,23:00:00,7:05:00,5,0,Да,В основном цветное,0,0,Нет,Да,4,1,Нет,Да,10,Да,Нет,
17.09.2026 11:59:28,nikita_pdf,от 18 до 30 лет,Женский,Да,17.09.2026,0:00:00,7:00:00,3,4,Да,В основном цветное,0,0,Да,Да,8,6,Нет,Нет,4,Да,Да,< 30 минут
17.09.2026 12:09:54,aquamana,от 18 до 30 лет,Женский,Да,17.09.2026,1:00:00,6:10:00,2,0,Да,В основном цветное,1,0,Да,Да,8,1,Нет,Да,5,Да,Нет,
17.09.2026 12:32:26,Enemyofdeath ,от 18 до 30 лет,Мужской,Да,17.09.2026,0:30:00,9:30:00,5,1,Нет,,0,0,Нет,Да,10,3,Нет,Да,4,Да,Нет,
17.09.2026 13:56:58,Tukiceja ,45 лет и более,Мужской,Да,17.09.2026,23:00:00,6:20:00,2,3,Да,В основном цветное,2,0,Нет,Нет,2,2,Нет,Нет,9,Да,Да,30-60 минут
17.09.2026 14:17:06,Fit345,от 18 до 30 лет,Мужской,Да,17.09.2026,1:15:00,8:56:00,2,3,Нет,,0,0,Нет,Нет,1,4,Нет,Нет,3,Да,Нет,
17.09.2026 15:03:35,Маркул,от 18 до 30 лет,Женский,Да,17.09.2026,1:30:00,8:30:00,5,0,Да,В основном цветное,0,0,Нет,Нет,2,1,Нет,Нет,10,Да,Нет,
17.09.2026 16:14:39,Наташа,45 лет и более,Женский,Да,17.09.2026,4:50:00,8:15:00,1,6,Да,В основном чёрно-белое,3,1,Нет,Нет,3,5,Нет,Нет,2,Да,Да,> 2 часов
17.09.2026 16:40:24,Оно,45 лет и более,Женский,Да,17.09.2026,21:05:00,5:15:00,4,1,Нет,,1,0,Нет,Нет,4,4,Нет,Нет,5,Нет,Нет,
17.09.2026 17:07:34,Константин,45 лет и более,Мужской,Да,17.09.2026,21:00:00,3:30:00,2,2,Нет,,1,0,Нет,Нет,1,3,Нет,Нет,5,Да,Да,< 30 минут
17.09.2026 19:52:34,Zverskiyponos67,до 18 лет,Женский,Да,17.09.2026,0:00:00,6:40:00,4,0,Да,В основном цветное,1,0,Нет,Нет,3,0,Нет,Нет,6,Да,Нет,
17.09.2026 21:12:00,aboba777,от 18 до 30 лет,Женский,Да,17.09.2026,0:50:00,7:30:00,4,0,Нет,,2,1,Нет,Нет,5,3,Нет,Нет,7,Да,Нет,
17.09.2026 21:16:36,Удача777,45 лет и более,Женский,Да,17.09.2026,2:00:00,3:00:00,1,10,Нет,,3,2,Нет,Да,10,2,Нет,Да,3,Да,Да,> 2 часов
17.09.2026 21:20:54,Питер Паркер ,от 18 до 30 лет,Мужской,Да,17.09.2026,2:00:00,9:00:00,5,0,Нет,,0,0,Нет,Нет,3,5,Нет,Да,4,Да,Нет,
17.09.2026 21:59:09,krasotka,45 лет и более,Женский,Да,17.09.2026,23:30:00,5:30:00,3,1,Да,В основном цветное,1,0,Нет,Да,7,2,Нет,Да,10,Да,Нет,
17.09.2026 22:01:31,Leva,45 лет и более,Мужской,Да,17.09.2026,23:45:00,6:15:00,3,1,Нет,,0,0,Нет,Да,2,5,Нет,Да,4,Да,Нет,
17.09.2026 22:54:29,даринкинс,от 18 до 30 лет,Женский,Да,17.09.2026,1:34:00,7:30:00,3,0,Нет,,2,1,Нет,Нет,1,0,Да,Нет,6,Да,Нет,
18.09.2026 6:41:32,FOX07,от 18 до 30 лет,Мужской,Да,18.09.2026,23:15:00,6:30:00,4,3,Да,В основном цветное,0,0,Нет,Да,5,3,Нет,Да,10,Да,Нет,
18.09.2026 7:43:05,nejnej,от 18 до 30 лет,Мужской,Да,18.09.2026,23:20:00,6:30:00,4,0,Нет,,0,0,Нет,Да,3,4,Нет,Нет,9,Да,Нет,
18.09.2026 7:57:31,WH1teM4N ,от 18 до 30 лет,Мужской,Да,18.09.2026,23:04:00,6:00:00,2,3,Да,Точно не могу сказать,1,0,Нет,Да,9,2,Нет,Нет,4,Да,Да,30-60 минут
18.09.2026 8:23:47,GangsterMarmilad,от 18 до 30 лет,Женский,Да,18.09.2026,23:00:00,5:10:00,4,0,Нет,,0,0,Нет,Да,6,2,Нет,Нет,5,Нет,Нет,
18.09.2026 8:28:16,nikita_pdf ,от 18 до 30 лет,Женский,Да,18.09.2026,1:00:00,7:00:00,2,2,Да,В основном цветное,0,0,Нет,Нет,3,0,Нет,Нет,9,Да,Нет,
18.09.2026 8:50:47,OLKA75,45 лет и более,Женский,Да,18.09.2026,23:30:00,6:20:00,4,2,Да,В основном цветное,1,0,Нет,Нет,2,2,Нет,Нет,1,Да,Нет,
18.09.2026 9:02:42,Маркул,от 18 до 30 лет,Женский,Да,18.09.2026,1:40:00,6:40:00,3,1,Нет,,0,0,Нет,Нет,6,3,Нет,Нет,9,Да,Нет,
18.09.2026 9:05:08,son,от 18 до 30 лет,Мужской,Да,18.09.2026,0:20:00,7:00:00,4,2,Да,В основном цветное,0,0,Нет,Нет,4,0,Нет,Нет,8,Да,Нет,
18.09.2026 9:05:13,GRASS42,от 18 до 30 лет,Женский,Да,18.09.2026,23:30:00,5:50:00,5,1,Нет,,0,0,Нет,Нет,1,0,Нет,Нет,6,Да,Нет,
18.09.2026 9:05:50,Настя,от 18 до 30 лет,Женский,Да,18.09.2026,0:30:00,6:10:00,4,0,Да,В основном цветное,4,2,Нет,Нет,4,4,Да,Нет,5,Да,Нет,
18.09.2026 9:06:26,Zverskiyponos67,до 18 лет,Женский,Да,18.09.2026,0:00:00,9:00:00,3,1,Нет,,1,0,Нет,Нет,2,0,Нет,Нет,4,Да,Да,30-60 минут
18.09.2026 9:12:46,1515net,от 18 до 30 лет,Женский,Да,18.09.2026,2:00:00,6:40:00,4,0,Нет,,0,0,Нет,Да,3,4,Нет,Нет,4,Нет,Нет,
18.09.2026 9:13:30,Tukiceja ,45 лет и более,Мужской,Да,18.09.2026,23:00:00,6:00:00,4,1,Да,В основном цветное,2,0,Нет,Нет,1,2,Нет,Нет,10,Да,Нет,
18.09.2026 9:15:13,aquamana,от 18 до 30 лет,Женский,Да,18.09.2026,0:30:00,6:00:00,3,0,Нет,,2,1,Нет,Да,8,0,Нет,Да,6,Да,Нет,
18.09.2026 9:17:02,silverain ,от 18 до 30 лет,Мужской,Да,18.09.2026,2:20:00,7:05:00,3,0,Нет,,0,0,Нет,Да,3,2,Да,Да,10,Да,Нет,
18.09.2026 9:49:22,N1,от 18 до 30 лет,Мужской,Да,17.09.2026,23:30:00,6:30:00,4,2,Нет,,0,0,Нет,Да,4,4,Да,Да,4,Да,Нет,
18.09.2026 9:59:41,Прага,от 18 до 30 лет,Женский,Да,18.09.2026,22:00:00,6:00:00,5,0,Нет,,1,1,Нет,Нет,1,2,Нет,Да,5,Да,Нет,
18.09.2026 11:25:19,даринкинс,от 18 до 30 лет,Женский,Да,18.09.2026,3:15:00,9:30:00,4,0,Нет,,1,1,Нет,Нет,4,0,Да,Нет,6,Да,Нет,
18.09.2026 11:52:12,TihiyOmut,от 18 до 30 лет,Мужской,Да,18.09.2026,1:20:00,11:30:00,3,0,Да,В основном цветное,2,1,Нет,Нет,3,1,Нет,Да,10,Да,Нет,
18.09.2026 12:12:20,Kreeper,от 18 до 30 лет,Женский,Да,18.09.2026,23:15:00,6:10:00,4,1,Да,В основном цветное,0,0,Нет,Да,5,5,Нет,Да,6,Да,Нет,
18.09.2026 13:34:57,Enemyofdeath ,от 18 до 30 лет,Мужской,Да,18.09.2026,0:23:00,9:23:00,5,2,Да,Точно не могу сказать,0,0,Нет,Да,6,6,Нет,Да,3,Да,Нет,
18.09.2026 13:58:30,Птицадивная ,от 30 до 45  лет,Женский,Да,18.09.2026,22:20:00,7:45:00,4,4,Нет,,1,0,Нет,Нет,4,0,Нет,Нет,3,Да,Нет,
18.09.2026 16:21:12,Fit345,от 18 до 30 лет,Мужской,Да,18.09.2026,2:13:00,11:28:00,4,1,Нет,,0,0,Нет,Нет,1,4,Нет,Нет,2,Да,Нет,
18.09.2026 16:43:34,Sunflower ,от 18 до 30 лет,Женский,Да,18.09.2026,2:50:00,9:05:00,4,0,Нет,,3,0,Нет,Да,4,3,Да,Да,6,Да,Нет,
18.09.2026 16:52:22,Наташа,45 лет и более,Женский,Да,18.09.2026,23:12:00,7:45:00,4,1,Да,В основном чёрно-белое,3,1,Нет,Нет,4,5,Нет,Нет,2,Да,Нет,
18.09.2026 17:46:27,Константин,45 лет и более,Мужской,Да,18.09.2026,21:00:00,4:00:00,5,1,Нет,,1,0,Нет,Нет,1,2,Нет,Нет,5,Да,Нет,
18.09.2026 18:47:04,Оно,45 лет и более,Женский,Да,18.09.2026,21:00:00,5:15:00,4,1,Нет,,0,0,Нет,Нет,3,4,Нет,Да,4,Да,Нет,
18.09.2026 21:25:05,krasotka,45 лет и более,Женский,Да,18.09.2026,23:00:00,5:45:00,4,0,Да,В основном цветное,0,0,Да,Да,6,2,Нет,Да,10,Да,Нет,
18.09.2026 21:27:30,Leva,45 лет и более,Мужской,Да,18.09.2026,23:00:00,6:15:00,4,1,Нет,,1,0,Да,Да,4,5,Нет,Да,5,Да,Нет,
18.09.2026 22:25:46,aboba777,от 18 до 30 лет,Женский,Да,18.09.2026,2:00:00,9:20:00,3,0,Нет,,2,1,Нет,Нет,6,3,Нет,Нет,7,Да,Нет,
19.09.2026 7:02:05,Оно,45 лет и более,Женский,Да,19.09.2026,21:10:00,6:20:00,4,1,Нет,,0,0,Нет,Нет,4,4,Нет,Да,4,Да,Нет,
19.09.2026 7:06:32,GRASS42,от 18 до 30 лет,Женский,Да,19.09.2026,0:40:00,6:45:00,5,1,Нет,,0,0,Нет,Нет,1,1,Нет,Да,6,Да,Да,< 30 минут
19.09.2026 7:13:53,Прага,от 18 до 30 лет,Женский,Да,19.09.2026,22:00:00,6:10:00,4,1,Нет,,1,0,Нет,Нет,1,3,Нет,Да,6,Да,Нет,
19.09.2026 8:36:21,Птицадивная ,от 30 до 45  лет,Женский,Да,19.09.2026,23:30:00,7:45:00,1,4,Да,В основном цветное,1,0,Нет,Нет,2,1,Да,Нет,3,Да,Да,30-60 минут
19.09.2026 8:41:31,Kreeper,от 18 до 30 лет,Женский,Да,19.09.2026,1:00:00,8:18:00,4,0,Да,В основном цветное,0,0,Нет,Да,5,7,Нет,Да,6,Да,Нет,
19.09.2026 8:48:17,FOX07,от 18 до 30 лет,Мужской,Да,19.09.2026,1:50:00,8:30:00,4,3,Нет,,0,0,Нет,Да,3,1,Нет,Нет,8,Да,Нет,
19.09.2026 9:44:13,OLKA75,45 лет и более,Женский,Да,19.09.2026,23:20:00,7:30:00,4,1,Да,В основном цветное,1,0,Нет,Нет,1,3,Нет,Нет,1,Да,Нет,
19.09.2026 10:52:16,nejnej,от 18 до 30 лет,Мужской,Да,19.09.2026,0:10:00,10:10:00,4,3,Да,В основном цветное,0,0,Нет,Да,3,2,Да,Нет,8,Да,Нет,
19.09.2026 11:09:10,груша,от 18 до 30 лет,Женский,Да,19.09.2026,3:30:00,7:53:00,3,0,Нет,,0,0,Нет,Да,4,1,Нет,Нет,6,Да,Нет,
19.09.2026 11:11:49,krasotka,45 лет и более,Женский,Да,19.09.2026,23:00:00,5:00:00,4,0,Да,Точно не могу сказать,1,1,Нет,Нет,3,2,Нет,Да,10,Да,Нет,
19.09.2026 11:16:58,Leva,45 лет и более,Мужской,Да,19.09.2026,0:10:00,10:00:00,3,1,Да,Точно не могу сказать,2,1,Нет,Да,2,3,Нет,Да,7,Да,Да,30-60 минут
19.09.2026 11:19:55,Fit345,от 18 до 30 лет,Мужской,Да,19.09.2026,1:58:00,10:45:00,5,1,Нет,,0,0,Нет,Нет,1,3,Нет,Нет,5,Да,Нет,
19.09.2026 11:57:44,Маркул,от 18 до 30 лет,Женский,Да,19.09.2026,0:00:00,8:40:00,2,3,Да,В основном цветное,0,0,Нет,Да,5,4,Нет,Да,10,Да,Да,< 30 минут
19.09.2026 12:06:10,Zverskiyponos67,до 18 лет,Женский,Да,19.09.2026,4:00:00,8:00:00,3,0,Нет,,2,1,Нет,Нет,4,0,Нет,Нет,4,Нет,Нет,
19.09.2026 12:38:06,Питер Паркер ,от 18 до 30 лет,Мужской,Да,18.09.2026,1:30:00,9:00:00,5,0,Да,В основном цветное,0,0,Нет,Нет,4,7,Нет,Да,3,Да,Нет,
19.09.2026 12:39:34,Питер Паркер ,от 18 до 30 лет,Мужской,Да,19.09.2026,3:00:00,11:00:00,4,3,Да,В основном чёрно-белое,0,0,Нет,Нет,1,3,Нет,Нет,6,Да,Нет,< 30 минут
19.09.2026 12:40:37,son,от 18 до 30 лет,Мужской,Да,19.09.2026,23:00:00,6:30:00,4,1,Да,Точно не могу сказать,0,0,Нет,Да,3,2,Нет,Да,5,Да,Нет,
19.09.2026 12:41:28,GangsterMarmilad,от 18 до 30 лет,Женский,Да,19.09.2026,23:20:00,7:50:00,4,1,Нет,,0,0,Нет,Да,1,1,Нет,Нет,5,Да,Нет,
19.09.2026 12:42:42,nikita_pdf ,от 18 до 30 лет,Женский,Да,19.09.2026,0:00:00,8:30:00,4,1,Да,В основном цветное,0,0,Нет,Да,3,1,Нет,Нет,8,Да,Нет,
19.09.2026 12:44:38,даринкинс,от 18 до 30 лет,Женский,Да,19.09.2026,3:30:00,12:00:00,3,0,Нет,,1,1,Нет,Да,5,0,Нет,Нет,6,Да,Нет,
19.09.2026 12:47:31,Rinasvm,от 18 до 30 лет,Женский,Да,19.09.2026,2:40:00,7:30:00,3,2,Нет,,3,1,Нет,Да,6,3,Нет,Нет,7,Да,Да,< 30 минут
19.09.2026 12:52:52,WH1teM4N ,от 18 до 30 лет,Мужской,Да,19.09.2026,1:22:00,8:00:00,1,2,Нет,,3,1,Нет,Да,10,0,Нет,Нет,4,Да,Да,< 30 минут
19.09.2026 13:50:49,TihiyOmut,от 18 до 30 лет,Мужской,Да,19.09.2026,3:00:00,13:49:00,5,0,Да,В основном цветное,0,0,Нет,Нет,1,1,Нет,Нет,7,Да,Нет,
19.09.2026 13:56:22,1515net,от 18 до 30 лет,Женский,Да,19.09.2026,4:25:00,13:50:00,5,0,Нет,,0,0,Да,Да,1,3,Нет,Нет,4,Нет,Нет,
19.09.2026 14:02:37,Sunflower,от 18 до 30 лет,Женский,Да,19.09.2026,5:30:00,16:12:00,3,0,Да,В основном цветное,2,0,Нет,Да,5,3,Нет,Нет,3,Да,Нет,
19.09.2026 14:12:49,Настя,от 18 до 30 лет,Женский,Да,19.09.2026,0:30:00,10:30:00,5,1,Да,Точно не могу сказать,2,0,Нет,Нет,4,5,Нет,Нет,8,Да,Нет,
19.09.2026 14:16:43,silverain,от 18 до 30 лет,Мужской,Да,19.09.2026,23:00:00,10:30:00,2,3,Нет,,0,0,Нет,Нет,2,2,Нет,Да,10,Да,Нет,
19.09.2026 15:58:08,aquamana,от 18 до 30 лет,Женский,Да,19.09.2026,23:40:00,10:10:00,4,0,Нет,,0,0,Нет,Нет,3,0,Нет,Да,7,Да,Нет,
19.09.2026 17:37:58,Enemyofdeath ,от 18 до 30 лет,Мужской,Да,19.09.2026,0:55:00,0:09:00,5,3,Да,Точно не могу сказать,0,0,Нет,Нет,3,3,Нет,Да,6,Да,Нет,
19.09.2026 20:15:09,Константин,45 лет и более,Мужской,Да,19.09.2026,21:00:00,4:30:00,5,1,Нет,,1,0,Нет,Нет,1,5,Нет,Нет,3,Да,Да,< 30 минут
19.09.2026 20:16:22,Наташа,45 лет и более,Женский,Да,19.09.2026,0:01:00,2:36:00,3,2,Да,В основном чёрно-белое,3,1,Нет,Нет,3,6,Нет,Нет,3,Да,Да,> 2 часов
19.09.2026 20:54:02,aboba777,от 18 до 30 лет,Женский,Да,19.09.2026,2:00:00,9:30:00,3,0,Да,В основном цветное,2,1,Нет,Да,10,4,Нет,Нет,10,Да,Нет,
19.09.2026 21:05:44,Удача777,45 лет и более,Женский,Да,19.09.2026,0:30:00,6:30:00,5,0,Да,Точно не могу сказать,3,2,Да,Нет,2,2,Да,Да,2,Да,Нет,
19.09.2026 22:32:26,hewwa,от 18 до 30 лет,Женский,Да,18.09.2026,1:30:00,8:30:00,5,0,Да,В основном цветное,0,0,Нет,Да,10,1,Да,Нет,3,Да,Нет,
19.09.2026 22:33:40,hewwa,от 18 до 30 лет,Женский,Да,19.09.2026,2:00:00,8:30:00,5,0,Да,В основном цветное,1,1,Нет,Да,10,1,Да,Нет,4,Да,Нет,
20.09.2026 7:12:08,Оно,45 лет и более,Женский,Да,20.09.2026,22:30:00,6:20:00,4,1,Нет,,0,0,Нет,Нет,2,4,Нет,Да,3,Нет,Нет,
20.09.2026 7:13:56,Константин,45 лет и более,Мужской,Да,20.09.2026,21:00:00,5:30:00,5,1,Да,Точно не могу сказать,0,0,Нет,Нет,1,8,Нет,Нет,2,Да,Да,< 30 минут
20.09.2026 7:39:18,FOX07,от 18 до 30 лет,Мужской,Да,20.09.2026,1:05:00,7:08:00,5,1,Да,В основном цветное,0,0,Да,Да,3,5,Нет,Да,6,Да,Нет,
20.09.2026 8:05:42,GRASS42,от 18 до 30 лет,Женский,Да,20.09.2026,1:45:00,7:20:00,5,0,Нет,,0,0,Нет,Да,1,1,Нет,Да,6,Да,Нет,
20.09.2026 8:31:17,1515net,от 18 до 30 лет,Женский,Да,20.09.2026,0:27:00,8:20:00,4,1,Нет,,0,0,Нет,Нет,1,2,Нет,Да,6,Да,Нет,< 30 минут
20.09.2026 8:32:37,OLKA75,45 лет и более,Женский,Да,20.09.2026,23:20:00,7:20:00,1,7,Нет,,1,0,Да,Нет,2,2,Да,Нет,1,Да,Да,30-60 минут
20.09.2026 9:21:10,Sunflower,от 18 до 30 лет,Женский,Да,20.09.2026,5:30:00,13:20:00,5,0,Да,В основном чёрно-белое,0,0,Да,Да,3,6,Нет,Нет,6,Да,Нет,
20.09.2026 9:49:07,Tukiceja,45 лет и более,Мужской,Да,19.09.2026,23:15:00,6:20:00,4,2,Да,В основном цветное,1,0,Нет,Нет,2,1,Нет,Нет,10,Да,Нет,< 30 минут
20.09.2026 9:52:23,Tukiceja,45 лет и более,Мужской,Да,20.09.2026,23:00:00,8:00:00,4,2,Да,В основном цветное,1,0,Да,Нет,2,3,Нет,Нет,2,Да,Нет,
20.09.2026 10:47:16,груша,от 18 до 30 лет,Женский,Да,20.09.2026,1:30:00,11:50:00,4,1,Нет,,0,0,Нет,Нет,2,2,Нет,Да,7,Да,Нет,
20.09.2026 12:14:00,WH1teM4N ,от 18 до 30 лет,Мужской,Да,20.09.2026,2:00:00,7:00:00,3,0,Нет,,1,0,Нет,Нет,5,0,Нет,Нет,3,Да,Нет,
20.09.2026 12:14:08,son,от 18 до 30 лет,Мужской,Да,20.09.2026,4:00:00,10:30:00,3,0,Нет,,0,0,Нет,Да,4,1,Нет,Да,6,Да,Нет,
20.09.2026 12:14:14,Маркул ,от 18 до 30 лет,Женский,Да,20.09.2026,0:50:00,8:30:00,2,3,Да,В основном цветное,1,1,Нет,Нет,3,4,Да,Да,8,Да,Да,< 30 минут
20.09.2026 12:16:08,GangsterMarmilad,от 18 до 30 лет,Женский,Да,20.09.2026,23:50:00,8:42:00,5,0,Нет,,0,0,Нет,Да,1,0,Нет,Нет,3,Да,Нет,
20.09.2026 12:17:32,nejnej,от 18 до 30 лет,Мужской,Да,20.09.2026,2:00:00,12:00:00,4,3,Да,В основном цветное,0,0,Нет,Да,2,5,Нет,Да,8,Да,Да,30-60 минут
20.09.2026 12:50:51,Удача777,45 лет и более,Женский,Да,20.09.2026,1:00:00,8:00:00,5,0,Нет,,3,2,Да,Да,3,2,Нет,Да,2,Да,Нет,
20.09.2026 12:59:47,Прага,от 18 до 30 лет,Женский,Да,20.09.2026,23:00:00,6:50:00,3,2,Нет,,1,0,Нет,Да,4,0,Нет,Да,2,Да,Нет,
20.09.2026 13:02:21,krasotka,45 лет и более,Женский,Да,20.09.2026,1:30:00,10:00:00,4,2,Да,Точно не могу сказать,1,0,Да,Да,7,4,Да,Да,4,Да,Нет,
20.09.2026 13:05:06,Leva,45 лет и более,Мужской,Да,20.09.2026,2:00:00,11:20:00,4,1,Да,В основном цветное,1,0,Да,Да,7,5,Нет,Да,5,Да,Да,< 30 минут
20.09.2026 13:10:28,Kreeper,от 18 до 30 лет,Женский,Да,20.09.2026,1:20:00,9:23:00,4,1,Да,В основном цветное,0,0,Нет,Да,5,5,Нет,Да,7,Да,Нет,
20.09.2026 13:24:59,silverain ,от 18 до 30 лет,Мужской,Да,20.09.2026,23:30:00,8:32:00,2,0,Да,Точно не могу сказать,0,0,Нет,Нет,5,0,Нет,Да,10,Да,Нет,
20.09.2026 13:59:33,Птицадивная ,от 30 до 45  лет,Женский,Да,20.09.2026,21:30:00,7:05:00,4,4,Да,В основном цветное,1,0,Нет,Нет,2,1,Да,Нет,3,Нет,Нет,
20.09.2026 14:36:33,Наташа,45 лет и более,Женский,Да,20.09.2026,22:38:00,8:30:00,5,2,Да,В основном чёрно-белое,3,0,Нет,Нет,5,6,Нет,Нет,2,Да,Да,1-2 часа
20.09.2026 15:51:45,TihiyOmut ,от 18 до 30 лет,Мужской,Да,20.09.2026,2:30:00,11:49:00,1,1,Да,В основном цветное,0,0,Да,Да,7,0,Нет,Да,1,Нет,Нет,
20.09.2026 17:01:41,aquamana,от 18 до 30 лет,Женский,Да,20.09.2026,1:40:00,11:00:00,4,0,Нет,,0,0,Нет,Нет,3,0,Да,Нет,7,Да,Нет,
20.09.2026 17:13:10,Zverskiyponos 67,до 18 лет,Женский,Да,20.09.2026,0:00:00,8:40:00,4,0,Да,В основном цветное,1,0,Нет,Да,7,0,Нет,Нет,5,Да,Нет,
20.09.2026 19:58:28,Enemyofdeath ,от 18 до 30 лет,Мужской,Да,20.09.2026,0:00:00,8:30:00,5,2,Нет,,0,0,Нет,Да,3,4,Нет,Да,4,Да,Нет,
20.09.2026 20:00:04,Питер Паркер ,от 18 до 30 лет,Мужской,Да,20.09.2026,3:30:00,9:30:00,2,5,Да,В основном цветное,0,0,Да,Да,5,6,Нет,Нет,2,Нет,Да,< 30 минут
20.09.2026 20:31:06,aboba777,от 18 до 30 лет,Женский,Да,20.09.2026,3:30:00,10:00:00,3,1,Нет,,3,2,Да,Нет,3,2,Нет,Нет,6,Да,Нет,
20.09.2026 20:38:07,Fit345,от 18 до 30 лет,Мужской,Да,20.09.2026,1:57:00,11:21:00,4,1,Нет,,0,0,Нет,Нет,1,4,Нет,Нет,3,Да,Нет,
20.09.2026 23:23:36,nikita_pdf ,от 18 до 30 лет,Женский,Да,20.09.2026,1:00:00,8:50:00,4,2,Да,В основном цветное,0,0,Нет,Нет,2,1,Нет,Нет,10,Да,Нет,
21.09.2026 3:16:39,N1,от 18 до 30 лет,Мужской,Да,21.09.2026,22:35:00,7:14:00,5,0,Да,В основном цветное,0,0,Нет,Да,4,0,Нет,Нет,7,Да,Нет,
21.09.2026 5:05:10,Rinasvm,от 18 до 30 лет,Женский,Да,21.09.2026,2:10:00,9:00:00,4,2,Да,В основном цветное,0,0,Нет,Нет,1,4,Нет,Да,5,Да,Да,< 30 минут
21.09.2026 5:06:45,Rinasvm,от 18 до 30 лет,Женский,Да,20.09.2026,1:15:00,11:08:00,5,1,Да,В основном цветное,0,0,Нет,Нет,3,4,Да,Да,7,Да,Нет,
21.09.2026 6:34:10,son,от 18 до 30 лет,Мужской,Да,21.09.2026,1:00:00,6:30:00,3,2,Да,В основном цветное,0,0,Нет,Нет,3,0,Нет,Да,10,Да,Нет,
21.09.2026 7:01:58,WH1teM4N ,от 18 до 30 лет,Мужской,Да,21.09.2026,23:12:00,5:38:00,3,1,Да,В основном цветное,1,1,Нет,Да,7,3,Нет,Нет,5,Да,Нет,
21.09.2026 7:28:13,Оно ,45 лет и более,Женский,Да,21.09.2026,21:50:00,5:20:00,4,0,Нет,,0,0,Нет,Нет,3,5,Нет,Да,2,Нет,Нет,
21.09.2026 8:25:16,груша,от 18 до 30 лет,Женский,Да,21.09.2026,5:50:00,8:20:00,2,0,Нет,,1,0,Нет,Да,7,2,Нет,Нет,8,Да,Нет,
21.09.2026 8:29:37,GRASS42,от 18 до 30 лет,Женский,Да,21.09.2026,22:30:00,8:25:00,5,1,Да,В основном цветное,0,0,Нет,Нет,1,1,Нет,Да,8,Да,Нет,
21.09.2026 8:33:35,FOX07,от 18 до 30 лет,Мужской,Да,21.09.2026,0:00:00,8:13:00,5,1,Да,В основном цветное,0,0,Нет,Нет,3,2,Нет,Да,10,Да,Нет,
21.09.2026 9:04:48,Sunflower ,от 18 до 30 лет,Женский,Да,21.09.2026,3:20:00,7:30:00,5,0,Нет,,1,0,Нет,Да,4,5,Нет,Нет,3,Да,Нет,
21.09.2026 9:06:22,1515net,от 18 до 30 лет,Женский,Да,21.09.2026,2:16:00,8:30:00,4,0,Да,В основном цветное,0,0,Нет,Да,1,3,Нет,Нет,4,Нет,Нет,
21.09.2026 9:18:40,silverain ,от 18 до 30 лет,Мужской,Да,21.09.2026,2:00:00,6:30:00,2,0,Нет,,1,1,Нет,Нет,3,1,Нет,Нет,10,Да,Нет,
21.09.2026 9:22:31,даринкинс,от 18 до 30 лет,Женский,Да,20.09.2026,5:07:00,15:30:00,5,2,Нет,,2,1,Нет,Да,4,0,Да,Нет,5,Да,Нет,
21.09.2026 9:23:54,даринкинс ,от 18 до 30 лет,Женский,Да,21.09.2026,4:57:00,7:50:00,3,0,Нет,,2,1,Нет,Нет,1,0,Нет,Нет,4,Да,Нет,
21.09.2026 9:49:03,SLEEP_LOVER,от 18 до 30 лет,Женский,Да,21.09.2026,23:30:00,8:25:00,5,0,Нет,,0,0,Нет,Да,4,2,Нет,Да,5,Да,Нет,
21.09.2026 9:50:28,SLEEP_LOVER,от 18 до 30 лет,Женский,Да,20.09.2026,1:15:00,7:40:00,5,1,Нет,,0,0,Нет,Да,10,2,Нет,Да,6,Да,Нет,
21.09.2026 9:51:45,SLEEP_LOVER,от 18 до 30 лет,Женский,Да,19.09.2026,1:08:00,7:40:00,5,0,Нет,,0,0,Нет,Да,10,2,Нет,Да,5,Да,Нет,
21.09.2026 10:03:43,nejnej,от 18 до 30 лет,Мужской,Да,21.09.2026,1:30:00,9:25:00,3,1,Да,В основном цветное,0,0,Нет,Да,5,1,Нет,Да,10,Да,Нет,
21.09.2026 10:45:58,GangsterMarmilad,от 18 до 30 лет,Женский,Да,21.09.2026,0:49:00,8:10:00,4,0,Да,В основном цветное,0,0,Нет,Да,2,0,Нет,Нет,3,Да,Нет,
21.09.2026 11:01:52,nikita_pdf ,от 18 до 30 лет,Женский,Да,21.09.2026,0:00:00,9:00:00,3,4,Да,В основном цветное,0,0,Нет,Нет,1,0,Да,Да,10,Да,Нет,
21.09.2026 11:24:19,Fit345,от 18 до 30 лет,Мужской,Да,21.09.2026,2:31:00,11:23:00,5,1,Нет,,0,0,Нет,Нет,1,3,Нет,Нет,3,Да,Нет,
21.09.2026 11:36:43,Удача777,45 лет и более,Женский,Да,21.09.2026,2:00:00,7:00:00,3,2,Нет,,3,2,Да,Нет,2,1,Нет,Да,2,Да,Нет,
21.09.2026 11:44:40,Прага,от 18 до 30 лет,Женский,Да,21.09.2026,23:00:00,5:40:00,3,1,Нет,,0,0,Нет,Да,7,1,Нет,Да,3,Нет,Нет,
21.09.2026 11:46:31,Kreeper,от 18 до 30 лет,Женский,Да,21.09.2026,1:23:00,9:00:00,3,2,Да,Точно не могу сказать,0,0,Нет,Да,6,7,Нет,Да,5,Да,Нет,
21.09.2026 11:50:47,aquamana,от 18 до 30 лет,Женский,Да,21.09.2026,0:20:00,10:00:00,4,0,Нет,,0,0,Нет,Да,4,0,Нет,Да,10,Да,Нет,
21.09.2026 12:13:19,Маркул ,от 18 до 30 лет,Женский,Да,21.09.2026,1:20:00,8:40:00,4,1,Да,В основном цветное,0,0,Нет,Нет,4,4,Нет,Да,9,Да,Нет,
21.09.2026 12:14:03,Настя,от 18 до 30 лет,Женский,Да,19.09.2026,2:00:00,10:15:00,5,0,Нет,,4,2,Да,Да,4,5,Нет,Нет,8,Да,Нет,
21.09.2026 12:14:53,OLKA75,45 лет и более,Женский,Да,21.09.2026,23:15:00,7:20:00,3,3,Да,В основном цветное,1,0,Нет,Нет,1,5,Нет,Нет,1,Да,Нет,
21.09.2026 12:15:31,Настя,от 18 до 30 лет,Женский,Да,20.09.2026,1:46:00,9:36:00,3,1,Да,В основном цветное,3,1,Да,Да,10,7,Нет,Нет,5,Да,Нет,
21.09.2026 12:17:17,Настя,от 18 до 30 лет,Женский,Да,21.09.2026,1:56:00,9:10:00,4,0,Нет,,2,1,Нет,Да,1,4,Да,Нет,5,Да,Нет,
21.09.2026 12:52:45,TihiyOmut,от 18 до 30 лет,Мужской,Да,21.09.2026,5:09:00,12:40:00,5,0,Да,В основном цветное,0,0,Нет,Да,5,0,Нет,Да,8,Да,Нет,
21.09.2026 12:53:57,hewwa,от 18 до 30 лет,Женский,Да,20.09.2026,0:20:00,9:30:00,5,0,Да,В основном цветное,0,0,Нет,Да,3,3,Нет,Нет,3,Да,Нет,
21.09.2026 12:55:15,hewwa,от 18 до 30 лет,Женский,Да,21.09.2026,1:00:00,9:00:00,5,0,Нет,,0,0,Нет,Да,4,4,Нет,Нет,2,Да,Нет,
21.09.2026 14:07:36,Птицадивная ,от 30 до 45  лет,Женский,Да,21.09.2026,22:30:00,7:45:00,4,5,Нет,,1,0,Нет,Нет,4,1,Нет,Нет,3,Да,Нет,
21.09.2026 15:14:46,Наташа,45 лет и более,Женский,Да,21.09.2026,22:45:00,7:45:00,3,2,Да,В основном чёрно-белое,2,0,Нет,Нет,3,4,Нет,Нет,1,Да,Да,1-2 часа
21.09.2026 16:34:18,Zverskiyponos67,до 18 лет,Женский,Да,21.09.2026,0:00:00,8:50:00,4,0,Нет,,0,0,Нет,Да,2,0,Нет,Нет,7,Нет,Нет,
21.09.2026 19:16:55,Enemyofdeath ,от 18 до 30 лет,Мужской,Да,21.09.2026,0:00:00,9:30:00,4,3,Нет,,0,0,Нет,Нет,3,1,Нет,Да,8,Да,Нет,
21.09.2026 19:19:56,Питер Паркер ,от 18 до 30 лет,Мужской,Да,21.09.2026,1:00:00,9:00:00,5,1,Да,В основном цветное,0,0,Нет,Да,2,6,Нет,Да,2,Да,Да,< 30 минут
21.09.2026 19:31:38,Константин,45 лет и более,Мужской,Да,21.09.2026,21:50:00,4:00:00,5,0,Нет,,0,0,Нет,Нет,1,7,Нет,Нет,2,Да,Нет,
21.09.2026 21:48:36,krasotka,45 лет и более,Женский,Да,21.09.2026,23:30:00,5:45:00,3,1,Нет,,0,0,Нет,Да,9,1,Нет,Нет,5,Да,Нет,
21.09.2026 21:50:22,Leva,45 лет и более,Мужской,Да,21.09.2026,0:00:00,6:15:00,3,1,Нет,,0,0,Нет,Да,8,1,Нет,Да,3,Да,Да,< 30 минут
21.09.2026 22:31:07,Tukiceja ,45 лет и более,Мужской,Да,21.09.2026,23:15:00,6:20:00,3,5,Да,В основном цветное,2,0,Нет,Нет,2,5,Нет,Нет,2,Да,Да,30-60 минут
21.09.2026 22:49:39,aboba777,от 18 до 30 лет,Женский,Да,21.09.2026,2:00:00,8:00:00,2,0,Да,В основном цветное,2,1,Нет,Нет,3,1,Нет,Нет,10,Да,Нет,
22.09.2026 7:01:24,GRASS42,от 18 до 30 лет,Женский,Да,22.09.2026,0:10:00,6:55:00,5,1,Да,В основном цветное,0,0,Нет,Нет,1,0,Нет,Нет,6,Да,Нет,
22.09.2026 7:36:25,Оно,45 лет и более,Женский,Да,22.09.2026,21:25:00,4:50:00,4,0,Нет,,0,0,Нет,Нет,2,4,Нет,Нет,4,Да,Нет,
22.09.2026 7:36:42,даринкинс,от 18 до 30 лет,Женский,Да,22.09.2026,2:55:00,7:50:00,1,10,Нет,,2,2,Нет,Да,10,0,Да,Да,7,Да,Да,< 30 минут
22.09.2026 7:38:20,Sunflower,от 18 до 30 лет,Женский,Да,22.09.2026,4:30:00,6:45:00,1,10,Нет,,1,0,Нет,Да,7,3,Нет,Да,4,Да,Да,< 30 минут
22.09.2026 8:07:26,FOX07,от 18 до 30 лет,Мужской,Да,22.09.2026,23:50:00,7:30:00,3,5,Да,В основном цветное,0,0,Нет,Нет,4,2,Нет,Да,10,Да,Нет,
22.09.2026 8:18:32,Наташа,45 лет и более,Женский,Да,22.09.2026,23:58:00,3:40:00,1,3,Да,В основном чёрно-белое,2,1,Нет,Нет,4,5,Нет,Да,1,Да,Да,> 2 часов
22.09.2026 8:28:34,Птицадивная ,от 30 до 45  лет,Женский,Да,22.09.2026,23:20:00,7:40:00,3,4,Да,В основном цветное,1,0,Нет,Нет,3,1,Нет,Нет,3,Да,Нет,
22.09.2026 9:13:05,Удача777,45 лет и более,Женский,Да,22.09.2026,0:00:00,7:00:00,3,2,Да,В основном цветное,2,1,Нет,Нет,2,1,Да,Нет,2,Да,Нет,
22.09.2026 9:16:26,Zverskiyponos67,до 18 лет,Женский,Да,22.09.2026,23:00:00,8:50:00,4,1,Да,В основном цветное,0,0,Нет,Нет,2,0,Нет,Нет,6,Нет,Нет,
22.09.2026 9:23:36,WH1teM4N ,от 18 до 30 лет,Мужской,Да,22.09.2026,23:54:00,6:30:00,4,1,Да,В основном цветное,1,0,Нет,Нет,7,2,Нет,Нет,5,Да,Нет,
22.09.2026 9:33:50,груша,от 18 до 30 лет,Женский,Да,22.09.2026,1:00:00,9:00:00,5,1,Да,В основном цветное,1,0,Да,Да,8,1,Нет,Нет,8,Да,Нет,
22.09.2026 10:53:25,nejnej,от 18 до 30 лет,Мужской,Да,22.09.2026,0:00:00,9:35:00,4,0,Нет,,0,0,Нет,Да,2,3,Нет,Да,10,Да,Нет,
22.09.2026 10:59:54,Kreeper,от 18 до 30 лет,Женский,Да,22.09.2026,1:20:00,9:00:00,4,0,Да,В основном цветное,0,0,Нет,Да,7,7,Нет,Нет,6,Да,Нет,
22.09.2026 11:11:00,Маркул ,от 18 до 30 лет,Женский,Да,22.09.2026,1:50:00,8:40:00,3,1,Нет,,0,0,Нет,Да,7,5,Нет,Да,9,Да,Да,30-60 минут
22.09.2026 11:11:18,Прага,от 18 до 30 лет,Женский,Да,22.09.2026,22:30:00,7:00:00,5,1,Нет,,1,0,Нет,Нет,2,2,Нет,Нет,6,Нет,Нет,
22.09.2026 11:16:16,1515net,от 18 до 30 лет,Женский,Да,22.09.2026,0:15:00,9:05:00,5,0,Нет,,0,0,Нет,Нет,1,5,Нет,Нет,3,Нет,Нет,
22.09.2026 11:20:35,son,от 18 до 30 лет,Мужской,Да,22.09.2026,1:00:00,6:30:00,3,1,Нет,,0,0,Нет,Да,8,1,Нет,Да,6,Да,Нет,
22.09.2026 11:51:04,silverain,от 18 до 30 лет,Мужской,Да,22.09.2026,0:00:00,8:55:00,4,0,Нет,,1,1,Нет,Нет,2,1,Да,Нет,10,Да,Нет,
22.09.2026 11:59:24,N1,от 18 до 30 лет,Мужской,Да,22.09.2026,23:36:00,6:45:00,3,2,Да,В основном цветное,0,0,Нет,Нет,3,2,Нет,Да,5,Да,Нет,
22.09.2026 12:18:56,Enemyofdeath ,от 18 до 30 лет,Мужской,Да,22.09.2026,1:00:00,9:20:00,5,1,Нет,,0,0,Нет,Нет,2,5,Нет,Да,5,Да,Нет,
22.09.2026 12:47:44,Fit345,от 18 до 30 лет,Мужской,Да,22.09.2026,3:15:00,11:48:00,3,1,Нет,,0,0,Нет,Нет,1,4,Нет,Нет,3,Да,Нет,
22.09.2026 13:06:02,GangsterMarmilad,от 18 до 30 лет,Женский,Да,22.09.2026,23:50:00,9:47:00,5,0,Да,В основном цветное,0,0,Нет,Нет,1,0,Нет,Да,4,Да,Нет,
22.09.2026 18:47:59,Константин,45 лет и более,Мужской,Да,22.09.2026,21:00:00,4:00:00,4,0,Да,Точно не могу сказать,1,0,Нет,Нет,1,3,Нет,Нет,6,Да,Нет,
22.09.2026 21:01:09,aquamana ,от 18 до 30 лет,Женский,Да,22.09.2026,2:00:00,10:30:00,3,0,Нет,,1,1,Нет,Да,3,0,Нет,Нет,10,Да,Нет,
22.09.2026 21:06:42,krasotka,45 лет и более,Женский,Да,22.09.2026,23:00:00,6:00:00,4,0,Да,В основном цветное,0,0,Нет,Да,6,2,Нет,Да,8,Да,Нет,
22.09.2026 21:08:47,Leva,45 лет и более,Мужской,Да,22.09.2026,23:00:00,6:38:00,4,0,Нет,,1,0,Нет,Нет,2,5,Нет,Да,5,Да,Нет,
22.09.2026 22:43:02,aboba777,от 18 до 30 лет,Женский,Да,22.09.2026,2:00:00,7:30:00,3,0,Нет,,3,1,Нет,Нет,6,3,Нет,Нет,7,Да,Нет,
22.09.2026 22:55:50,OLKA75,45 лет и более,Женский,Да,22.09.2026,23:15:00,8:00:00,2,3,Да,В основном цветное,1,0,Нет,Нет,3,3,Нет,Нет,3,Да,Нет,
22.09.2026 22:55:50,Tukiceja ,45 лет и более,Мужской,Да,22.09.2026,23:15:00,6:20:00,3,4,Да,В основном цветное,1,0,Нет,Нет,2,3,Нет,Нет,3,Да,Нет,
23.09.2026 0:58:40,Питер Паркер ,от 18 до 30 лет,Мужской,Да,22.09.2026,2:00:00,9:30:00,4,2,Нет,,0,0,Нет,Нет,4,4,Нет,Да,5,Да,Нет,
23.09.2026 6:10:53,Оно,45 лет и более,Женский,Да,23.09.2026,22:00:00,5:30:00,4,1,Да,Точно не могу сказать,0,0,Нет,Нет,2,4,Нет,Да,5,Нет,Нет,
23.09.2026 6:53:30,GRASS42,от 18 до 30 лет,Женский,Да,23.09.2026,22:30:00,6:50:00,5,1,Да,В основном цветное,0,0,Нет,Нет,1,0,Нет,Нет,5,Да,Нет,
23.09.2026 7:05:00,WH1teM4N ,от 18 до 30 лет,Мужской,Да,23.09.2026,1:20:00,6:00:00,2,0,Нет,,2,1,Нет,Да,6,2,Да,Нет,6,Да,Нет,
23.09.2026 7:40:44,FOX07,от 18 до 30 лет,Мужской,Да,23.09.2026,0:15:00,7:30:00,4,4,Да,В основном цветное,0,0,Нет,Да,3,2,Нет,Да,10,Да,Нет,
23.09.2026 7:52:19,son,от 18 до 30 лет,Мужской,Да,23.09.2026,3:00:00,7:00:00,3,0,Нет,,0,0,Нет,Да,6,0,Нет,Да,8,Да,Нет,
23.09.2026 8:48:31,nejnej,от 18 до 30 лет,Мужской,Да,23.09.2026,23:45:00,7:30:00,3,1,Нет,,0,0,Нет,Да,2,2,Нет,Да,8,Да,Нет,
23.09.2026 9:01:43,Прага ,от 18 до 30 лет,Женский,Да,23.09.2026,22:30:00,7:30:00,5,0,Нет,,1,0,Нет,Нет,3,3,Нет,Да,3,Нет,Нет,
23.09.2026 9:19:17,1515net,от 18 до 30 лет,Женский,Да,23.09.2026,23:40:00,7:40:00,4,0,Нет,,0,0,Нет,Нет,2,4,Нет,Нет,6,Нет,Нет,
23.09.2026 9:22:21,Маркул ,от 18 до 30 лет,Женский,Да,23.09.2026,1:30:00,7:00:00,2,2,Нет,,0,0,Нет,Да,7,6,Нет,Нет,10,Да,Да,30-60 минут
23.09.2026 9:23:37,Kreeper,от 18 до 30 лет,Женский,Да,23.09.2026,1:30:00,7:15:00,3,0,Нет,,0,0,Нет,Да,5,5,Нет,Нет,7,Да,Нет,
23.09.2026 9:28:27,nikita_pdf ,от 18 до 30 лет,Женский,Да,22.09.2026,0:30:00,8:00:00,1,4,Да,В основном цветное,0,0,Нет,Нет,2,2,Да,Да,10,Да,Нет,
23.09.2026 9:29:46,silverain ,от 18 до 30 лет,Мужской,Да,23.09.2026,23:50:00,6:30:00,2,0,Нет,,0,0,Нет,Нет,1,0,Да,Нет,10,Да,Нет,
23.09.2026 9:30:30,nikita_pdf ,от 18 до 30 лет,Женский,Да,23.09.2026,2:00:00,8:00:00,3,2,Нет,,0,0,Нет,Да,4,2,Да,Да,10,Да,Нет,
23.09.2026 9:42:40,GangsterMarmilad,от 18 до 30 лет,Женский,Да,23.09.2026,0:49:00,7:40:00,5,0,Да,В основном цветное,0,0,Нет,Да,1,1,Нет,Нет,5,Да,Нет,
23.09.2026 9:43:07,SLEEP_LOVER,от 18 до 30 лет,Женский,Да,23.09.2026,23:50:00,6:45:00,5,0,Нет,,0,0,Нет,Да,10,1,Нет,Да,8,Да,Нет,
23.09.2026 9:44:45,SLEEP_LOVER,от 18 до 30 лет,Женский,Да,22.09.2026,0:05:00,7:30:00,5,0,Нет,,0,0,Нет,Да,6,3,Нет,Да,10,Да,Нет,
23.09.2026 10:32:19,TihiyOmut ,от 18 до 30 лет,Мужской,Да,22.09.2026,1:30:00,6:00:00,1,0,Нет,,0,0,Нет,Нет,3,0,Нет,Да,9,Да,Нет,
23.09.2026 10:33:42,TihiyOmut ,от 18 до 30 лет,Мужской,Да,23.09.2026,21:00:00,10:32:00,4,1,Нет,,2,1,Нет,Да,8,8,Нет,Да,2,Да,Нет,
23.09.2026 10:58:34,Enemyofdeath ,от 18 до 30 лет,Мужской,Да,23.09.2026,0:00:00,8:00:00,4,1,Нет,,0,0,Нет,Нет,4,2,Нет,Да,6,Да,Нет,
23.09.2026 14:35:22,N1,от 18 до 30 лет,Мужской,Да,23.09.2026,22:00:00,8:00:00,5,2,Нет,,0,0,Нет,Нет,1,2,Нет,Нет,4,Да,Нет,
23.09.2026 14:46:17,OLKA75,45 лет и более,Женский,Да,23.09.2026,23:20:00,8:00:00,4,1,Да,В основном цветное,1,0,Нет,Нет,1,3,Нет,Нет,3,Да,Нет,
23.09.2026 15:10:40,Наташа,45 лет и более,Женский,Да,23.09.2026,23:30:00,7:30:00,4,2,Нет,,2,1,Нет,Нет,4,3,Нет,Нет,2,Да,Нет,
23.09.2026 18:44:59,Константин,45 лет и более,Мужской,Да,23.09.2026,21:00:00,4:00:00,5,1,Нет,,1,0,Нет,Нет,1,4,Нет,Нет,5,Да,Нет,< 30 минут
23.09.2026 19:17:34,hewwa,от 18 до 30 лет,Женский,Да,22.09.2026,1:30:00,10:00:00,5,0,Нет,,0,0,Нет,Нет,1,2,Нет,Да,1,Да,Нет,
23.09.2026 19:18:43,hewwa,от 18 до 30 лет,Женский,Да,23.09.2026,1:00:00,7:30:00,5,0,Нет,,0,0,Нет,Да,6,2,Нет,Да,4,Да,Нет,
23.09.2026 20:52:35,Tukiceja ,45 лет и более,Мужской,Да,23.09.2026,23:20:00,6:20:00,2,5,Да,В основном цветное,1,0,Нет,Нет,2,3,Нет,Нет,4,Да,Да,< 30 минут
23.09.2026 21:35:19,даринкинс ,от 18 до 30 лет,Женский,Да,23.09.2026,3:15:00,7:50:00,2,0,Нет,,3,1,Да,Да,1,0,Нет,Нет,7,Да,Нет,
23.09.2026 21:35:24,Sunflower ,от 18 до 30 лет,Женский,Да,23.09.2026,3:30:00,7:30:00,5,0,Нет,,0,0,Да,Да,7,4,Да,Да,2,Да,Нет,
23.09.2026 22:16:52,Zverskiyponos67,до 18 лет,Женский,Да,23.09.2026,23:30:00,6:40:00,4,0,Нет,,0,0,Нет,Нет,3,0,Нет,Нет,7,Нет,Нет,
23.09.2026 22:18:32,Птицадивная ,от 30 до 45  лет,Женский,Да,23.09.2026,21:30:00,7:00:00,4,4,Да,В основном цветное,1,0,Нет,Нет,3,1,Нет,Нет,3,Нет,Нет,
23.09.2026 22:18:39,aboba777,от 18 до 30 лет,Женский,Да,23.09.2026,2:00:00,6:00:00,2,0,Нет,,3,2,Нет,Да,8,3,Нет,Нет,10,Да,Нет,
23.09.2026 22:59:08,Leva,45 лет и более,Мужской,Да,23.09.2026,0:00:00,6:10:00,3,1,Нет,,1,0,Нет,Да,4,5,Нет,Да,6,Да,Нет,
23.09.2026 23:01:41,krasotka,45 лет и более,Женский,Да,23.09.2026,0:00:00,6:00:00,4,1,Нет,,0,0,Нет,Да,5,2,Нет,Да,10,Да,Нет,
23.09.2026 23:16:38,Удача777,45 лет и более,Женский,Да,23.09.2026,0:00:00,9:00:00,3,2,Нет,,3,2,Нет,Нет,2,3,Нет,Нет,1,Да,Да,30-60 минут
24.09.2026 5:59:53,Оно,45 лет и более,Женский,Да,24.09.2026,22:30:00,5:30:00,3,1,Да,Точно не могу сказать,0,0,Да,Нет,2,2,Нет,Да,4,Нет,Нет,
24.09.2026 6:13:25,GRASS42,от 18 до 30 лет,Женский,Да,24.09.2026,23:00:00,6:00:00,5,0,Да,В основном цветное,0,0,Нет,Нет,1,0,Нет,Да,6,Да,Нет,
24.09.2026 6:39:06,FOX07,от 18 до 30 лет,Мужской,Да,24.09.2026,0:10:00,6:30:00,4,2,Да,В основном цветное,0,0,Нет,Да,6,1,Нет,Да,10,Да,Нет,
24.09.2026 7:10:26,nejnej,от 18 до 30 лет,Мужской,Да,24.09.2026,23:30:00,6:50:00,3,1,Да,В основном цветное,0,0,Нет,Да,3,1,Нет,Да,8,Да,Нет,
24.09.2026 7:58:11,GangsterMarmilad,от 18 до 30 лет,Женский,Да,24.09.2026,23:50:00,6:00:00,5,0,Нет,,0,0,Нет,Нет,1,1,Нет,Да,6,Да,Нет,
24.09.2026 7:58:17,TihiyOmut,от 18 до 30 лет,Мужской,Да,24.09.2026,1:50:00,6:40:00,3,0,Нет,,0,0,Нет,Нет,3,2,Нет,Да,4,Да,Нет,
24.09.2026 8:02:00,SLEEP_LOVER,от 18 до 30 лет,Женский,Да,24.09.2026,23:59:00,7:15:00,5,1,Да,Точно не могу сказать,0,0,Нет,Да,8,1,Нет,Да,8,Да,Нет,
24.09.2026 8:06:01,1515net,от 18 до 30 лет,Женский,Да,24.09.2026,1:15:00,5:30:00,3,1,Да,В основном цветное,0,0,Нет,Нет,3,3,Да,Нет,5,Да,Да,30-60 минут
24.09.2026 8:07:59,WH1teM4N ,от 18 до 30 лет,Мужской,Да,24.09.2026,1:22:00,5:55:00,2,1,Да,В основном цветное,2,0,Нет,Да,5,3,Нет,Нет,6,Да,Нет,
24.09.2026 8:09:27,son,от 18 до 30 лет,Мужской,Да,24.09.2026,5:00:00,7:50:00,1,0,Нет,,0,0,Нет,Нет,7,3,Нет,Да,10,Да,Нет,
24.09.2026 8:35:56,nikita_pdf ,от 18 до 30 лет,Женский,Да,24.09.2026,1:00:00,7:00:00,2,0,Нет,,0,0,Нет,Нет,8,2,Нет,Нет,10,Да,Нет,
24.09.2026 8:36:45,Прага,от 18 до 30 лет,Женский,Да,24.09.2026,23:10:00,7:30:00,4,0,Да,В основном цветное,1,0,Нет,Да,3,3,Нет,Да,4,Да,Нет,
24.09.2026 8:38:34,Маркул ,от 18 до 30 лет,Женский,Да,24.09.2026,1:45:00,8:00:00,4,0,Нет,,0,0,Нет,Да,7,6,Нет,Нет,8,Да,Нет,
24.09.2026 8:43:58,Удача777,45 лет и более,Женский,Да,24.09.2026,0:30:00,8:30:00,4,2,Да,Точно не могу сказать,3,2,Нет,Нет,1,1,Да,Да,3,Да,Нет,
24.09.2026 8:48:45,aquamana ,от 18 до 30 лет,Женский,Да,23.09.2026,2:00:00,7:15:00,3,0,Нет,,1,0,Нет,Нет,5,3,Нет,Да,8,Да,Нет,
24.09.2026 8:51:14,Наташа,45 лет и более,Женский,Да,24.09.2026,1:30:00,8:40:00,3,2,Нет,,2,1,Да,Да,4,3,Нет,Нет,3,Да,Да,1-2 часа
24.09.2026 8:51:16,aquamana ,от 18 до 30 лет,Женский,Да,24.09.2026,0:20:00,7:00:00,4,0,Нет,,0,0,Нет,Да,7,1,Нет,Да,10,Да,Нет,
24.09.2026 9:01:47,OLKA75,45 лет и более,Женский,Да,24.09.2026,0:30:00,7:20:00,4,1,Да,В основном цветное,1,0,Да,Нет,1,3,Нет,Нет,1,Да,Нет,
24.09.2026 9:29:49,Enemyofdeath ,от 18 до 30 лет,Мужской,Да,24.09.2026,0:30:00,9:30:00,5,2,Нет,,0,0,Нет,Нет,4,3,Нет,Нет,8,Да,Нет,
24.09.2026 9:33:34,Kreeper,от 18 до 30 лет,Женский,Да,24.09.2026,1:20:00,8:53:00,4,0,Нет,,0,0,Нет,Нет,7,8,Нет,Нет,5,Да,Нет,
24.09.2026 9:56:57,silverain ,от 18 до 30 лет,Мужской,Да,24.09.2026,23:30:00,9:32:00,5,1,Нет,,0,0,Нет,Нет,5,2,Нет,Нет,10,Да,Нет,< 30 минут
24.09.2026 10:55:55,Fit345,от 18 до 30 лет,Мужской,Да,24.09.2026,1:00:00,10:54:00,4,0,Нет,,0,0,Нет,Нет,1,5,Нет,Нет,3,Да,Нет,
24.09.2026 16:18:00,Питер Паркер ,от 18 до 30 лет,Мужской,Да,23.09.2026,0:00:00,7:15:00,3,2,Нет,,0,0,Нет,Нет,2,4,Нет,Да,4,Да,Нет,
24.09.2026 16:19:20,Питер Паркер ,от 18 до 30 лет,Мужской,Да,24.09.2026,2:00:00,10:15:00,5,1,Да,В основном цветное,1,1,Нет,Нет,3,7,Нет,Да,3,Да,Нет,
24.09.2026 17:12:23,Константин,45 лет и более,Мужской,Да,24.09.2026,22:00:00,4:45:00,4,1,Нет,,1,0,Да,Нет,1,4,Нет,Нет,5,Да,Нет,< 30 минут
24.09.2026 19:48:24,Tukiceja ,45 лет и более,Мужской,Да,24.09.2026,0:30:00,7:20:00,2,5,Да,В основном цветное,1,0,Нет,Да,2,3,Нет,Да,3,Да,Да,< 30 минут
24.09.2026 19:58:16,Настя,от 18 до 30 лет,Женский,Да,22.09.2026,0:30:00,9:30:00,5,0,Нет,,3,2,Нет,Нет,4,4,Да,Нет,6,Да,Нет,
24.09.2026 19:59:30,Настя,от 18 до 30 лет,Женский,Да,23.09.2026,2:20:00,6:36:00,4,0,Да,В основном цветное,3,1,Нет,Нет,4,3,Да,Нет,6,Да,Нет,
24.09.2026 20:00:37,Настя,от 18 до 30 лет,Женский,Да,24.09.2026,5:00:00,9:10:00,2,1,Нет,,3,1,Нет,Да,8,3,Да,Нет,10,Да,Да,< 30 минут
24.09.2026 21:50:57,Sunflower ,от 18 до 30 лет,Женский,Да,24.09.2026,3:00:00,7:30:00,3,1,Да,В основном цветное,0,0,Да,Да,4,4,Да,Нет,3,Да,Нет,< 30 минут
24.09.2026 21:52:38,даринкинс,от 18 до 30 лет,Женский,Да,24.09.2026,1:50:00,7:50:00,3,1,Да,В основном цветное,2,1,Да,Да,2,0,Да,Нет,3,Да,Да,< 30 минут
24.09.2026 22:05:33,Птицадивная ,от 30 до 45  лет,Женский,Да,24.09.2026,23:50:00,7:40:00,3,5,Да,В основном цветное,1,0,Нет,Нет,3,1,Нет,Нет,3,Да,Нет,
24.09.2026 22:12:06,Leva,45 лет и более,Мужской,Да,24.09.2026,0:00:00,6:20:00,4,0,Да,Точно не могу сказать,1,0,Нет,Нет,2,6,Нет,Да,2,Да,Нет,
24.09.2026 22:14:29,krasotka,45 лет и более,Женский,Да,24.09.2026,23:00:00,6:00:00,5,0,Да,В основном цветное,0,0,Нет,Нет,3,3,Нет,Да,9,Да,Нет,
24.09.2026 23:02:46,Zverskiyponos67,до 18 лет,Женский,Да,24.09.2026,23:30:00,6:40:00,4,0,Нет,,0,0,Нет,Нет,2,0,Нет,Нет,6,Да,Нет,
25.09.2026 13:36:52,Наташа,45 лет и более,Женский,Да,25.09.2026,23:50:00,6:30:00,2,3,Нет,,2,0,Нет,Нет,4,3,Нет,Нет,2,Да,Да,1-2 часа
25.09.2026 15:09:30,Sunflower ,от 18 до 30 лет,Женский,Да,25.09.2026,4:00:00,7:40:00,4,0,Нет,,0,0,Да,Да,7,3,Да,Да,3,Да,Нет,
25.09.2026 15:15:44,даринкинс ,от 18 до 30 лет,Женский,Да,25.09.2026,4:10:00,8:00:00,3,0,Нет,,0,0,Да,Да,4,0,Нет,Да,5,Да,Нет,
25.09.2026 16:58:55,Fit345,от 18 до 30 лет,Мужской,Да,25.09.2026,0:40:00,6:10:00,2,1,Нет,,0,0,Нет,Нет,1,8,Нет,Нет,2,Да,Нет,
25.09.2026 16:59:13,N1,от 18 до 30 лет,Мужской,Да,25.09.2026,22:10:00,6:30:00,5,1,Нет,,1,0,Нет,Нет,2,1,Нет,Нет,6,Да,Нет,
25.09.2026 19:35:32,груша,от 18 до 30 лет,Женский,Да,25.09.2026,1:20:00,9:00:00,5,0,Нет,,0,0,Нет,Нет,1,1,Нет,Нет,6,Да,Нет,
25.09.2026 19:36:48,груша,от 18 до 30 лет,Женский,Да,24.09.2026,1:40:00,10:00:00,5,0,Нет,,0,0,Нет,Нет,2,1,Нет,Нет,8,Да,Нет,
25.09.2026 19:38:11,груша,от 18 до 30 лет,Женский,Да,23.09.2026,0:40:00,7:30:00,5,0,Нет,,0,0,Нет,Нет,1,0,Нет,Да,7,Да,Нет,
25.09.2026 22:28:27,Птицадивная ,от 30 до 45  лет,Женский,Да,25.09.2026,22:50:00,7:30:00,4,4,Нет,,1,0,Нет,Нет,3,0,Нет,Нет,3,Да,Нет,
26.09.2026 7:44:20,Наташа,45 лет и более,Женский,Да,26.09.2026,23:23:00,7:15:00,4,3,Да,В основном цветное,2,0,Нет,Да,3,3,Нет,Нет,1,Нет,Нет,< 30 минут
26.09.2026 13:54:19,Птицадивная ,от 30 до 45  лет,Женский,Да,26.09.2026,23:00:00,7:50:00,4,6,Нет,,1,0,Нет,Нет,4,0,Нет,Нет,4,Да,Нет,